,departure_country,departure_country_name,departure_ISO3,Seats,ASK,fuel_burn,CO2 (kg),CO2 (Mt),ASK (Bn),Seats (Mn),domestic,departure_lat,departure_lon
0,AE,United Arab Emirates,ARE,80612113.19334978,308877387347.6777,7749878019.405314,24489614541.320793,24.489614541320794,308.87738734767765,80.61211319334978,0.19053472649047326,24.0,54.0
1,AF,"Afghanistan, Islamic Republic of",AFG,1279356.9326758324,2639621503.883683,64164964.3613287,202761287.38179868,0.2027612873817987,2.639621503883683,1.2793569326758323,0.07317073170731707,33.0,65.0
2,AG,Antigua and Barbuda,ATG,698021.3162262215,1749314892.7452776,43694278.39904377,138073919.7409783,0.1380739197409783,1.7493148927452775,0.6980213162262215,0.02631578947368421,17.05,-61.8
3,AI,Anguilla,AIA,30652.54099999989,7104030.062088386,402017.1153624492,1270374.0845453397,0.0012703740845453396,0.007104030062088386,0.03065254099999989,0.0,18.25,-63.1667
4,AL,"Albania, Republic of",ALB,2204049.4149099565,2042768270.6506524,53983334.02391435,170587335.51556936,0.17058733551556934,2.0427682706506527,2.2040494149099565,0.014814814814814815,41.0,20.0
5,AM,"Armenia, Republic of",ARM,2018228.597957292,3429539638.3485036,77401543.66533177,244588877.98244843,0.2445888779824484,3.4295396383485035,2.0182285979572923,0.0,40.0,45.0
6,AO,"Angola, Republic of",AGO,1577834.0075537716,6058313067.90582,148431556.03213078,469043717.0615333,0.4690437170615333,6.05831306790582,1.5778340075537716,0.5274725274725275,-12.5,18.5
7,AR,"Argentina, Argentine Republic",ARG,25636464.650329385,57817581846.192215,1487724050.3032932,4701207998.958406,4.701207998958407,57.81758184619221,25.636464650329387,0.4647887323943662,-34.0,-64.0
8,AS,American Samoa,ASM,98976.0,165595336.7059437,4349020.162221501,13742903.712619944,0.013742903712619945,0.16559533670594367,0.09897600000000001,0.2222222222222222,-14.3333,-170.0
9,AT,"Austria, Republic of",AUT,23101788.754365213,36124295374.15908,883952900.0885265,2793291164.2797437,2.7932911642797436,36.12429537415908,23.101788754365213,0.03976721629485936,47.3333,13.3333
10,AU,"Australia, Commonwealth of",AUS,108448110.43501009,271007475300.4823,6927612020.807359,21891253985.751255,21.891253985751256,271.00747530048227,108.44811043501008,0.6618332470222682,-27.0,133.0
11,AW,Aruba,ABW,2194267.350280413,5104490349.190059,120998797.45910197,382356199.97076225,0.38235619997076226,5.104490349190058,2.1942673502804126,0.0,12.5,-69.9667
12,AZ,"Azerbaijan, Republic of",AZE,4479982.41907281,6425491552.668812,157146003.42445633,496581370.821282,0.49658137082128206,6.425491552668812,4.479982419072809,0.08743169398907104,40.5,47.5
13,BA,Bosnia and Herzegovina,BIH,1198969.338503667,1521343100.140642,35240183.504904315,111358979.87549765,0.11135897987549766,1.521343100140642,1.1989693385036668,0.1032258064516129,44.0,18.0
14,BB,Barbados,BRB,1406392.7787439416,4942315822.296136,119718897.04799604,378311714.6716675,0.37831171467166747,4.942315822296136,1.4063927787439414,0.0,13.1667,-59.5333
15,BD,"Bangladesh, People's Republic of",BGD,7375732.019334581,18646547858.436523,441661363.2816753,1395649907.9700937,1.395649907970094,18.646547858436524,7.37573201933458,0.3614457831325301,24.0,90.0
16,BE,"Belgium, Kingdom of",BEL,22212048.164801136,46534307015.97839,1106306329.7616587,3495928002.0468416,3.4959280020468415,46.53430701597839,22.212048164801136,0.02465331278890601,50.8333,4.0
17,BF,Burkina Faso,BFA,587455.5281433723,1200834048.8385365,29020091.966250174,91703490.61335054,0.09170349061335055,1.2008340488385365,0.5874555281433723,0.06060606060606061,13.0,-2.0
18,BG,"Bulgaria, Republic of",BGR,6914633.187053331,10354975531.73759,235475979.42760187,744104094.991222,0.744104094991222,10.354975531737592,6.914633187053331,0.060862214708368556,43.0,25.0
19,BH,"Bahrain, Kingdom of",BHR,6975548.521741964,12440908889.473946,295440429.2020804,933591756.2785741,0.9335917562785742,12.440908889473945,6.975548521741964,0.17094017094017094,26.0,50.55
20,BI,"Burundi, Republic of",BDI,146189.48830154797,176944120.78866792,4728164.794587179,14941000.750895485,0.014941000750895484,0.17694412078866792,0.146189488301548,0.0,-3.5,30.0
21,BJ,"Benin, Republic of",BEN,510308.06288925896,1077678777.6871624,26010348.25936367,82192700.4995892,0.0821927004995892,1.0776787776871626,0.510308062889259,0.05714285714285714,9.5,2.25
22,BL,Saint Barthelemy,BLM,178201.9394999999,10599668.07666571,1871492.3363050832,5913915.782724063,0.005913915782724063,0.010599668076665712,0.1782019394999999,0.0,,
23,BM,Bermuda,BMU,600379.8426192715,1225937761.74254,29854720.251497064,94340915.99473074,0.09434091599473074,1.22593776174254,0.6003798426192715,0.0,32.3333,-64.75
24,BN,Brunei Darussalam,BRN,1339371.7154210424,3606027684.0376463,83127621.2232833,262683283.06557524,0.26268328306557526,3.606027684037646,1.3393717154210425,0.0,4.5,114.6667
25,BO,"Bolivia, Republic of",BOL,2031698.065136093,3634262169.1599836,93790621.44251208,296378363.7583382,0.2963783637583382,3.634262169159984,2.031698065136093,0.5106382978723404,-17.0,-65.0
26,BQ,"Bonaire, Sint Eustatius and Saba",BES,358203.1840425489,788359984.7944367,20181917.945238486,63774860.706953615,0.06377486070695361,0.7883599847944367,0.3582031840425489,0.13793103448275862,,
27,BR,"Brazil, Federative Republic of",BRA,135831764.43512282,203044627941.87158,5313487143.350521,16790619372.987646,16.790619372987646,203.04462794187157,135.8317644351228,0.8067522419553367,-10.0,-55.0
28,BS,"Bahamas, Commonwealth of the",BHS,3578495.3595180637,3037514177.3060036,91429920.3834404,288918548.4116717,0.2889185484116717,3.0375141773060035,3.5784953595180635,0.050590219224283306,24.25,-76.0
29,BT,"Bhutan, Kingdom of",BTN,445199.4684999997,359693482.9636126,10467870.55035557,33078470.9391236,0.033078470939123604,0.35969348296361264,0.4451994684999997,0.47619047619047616,27.5,90.5
30,BW,"Botswana, Republic of",BWA,613569.6620793499,377432156.3081138,12300658.111424608,38870079.63210176,0.03887007963210176,0.3774321563081138,0.6135696620793498,0.4,-22.0,24.0
31,BY,"Belarus, Republic of",BLR,3300439.5309344353,4146276564.1007366,109239918.94576211,345198143.8686083,0.3451981438686083,4.146276564100737,3.300439530934435,0.015789473684210527,53.0,28.0
32,BZ,Belize,BLZ,930125.9589,933032471.661976,25097251.728020255,79307315.460544,0.07930731546054401,0.933032471661976,0.9301259588999999,0.46601941747572817,17.25,-88.75
33,CA,Canada,CAN,89020073.2700678,239136056780.47812,5919757708.986337,18706434360.396824,18.706434360396823,239.1360567804781,89.0200732700678,0.445252412250035,60.0,-95.0
34,CC,Cocos (Keeling) Islands,CCK,8735.328,25646408.526926387,572498.5417432712,1809095.391908737,0.001809095391908737,0.025646408526926387,0.008735327999999999,0.0,-12.5,96.8333
35,CD,"Congo, Democratic Republic of the",COD,977504.3266244653,2204139526.5915084,52710798.593321554,166566123.55489612,0.1665661235548961,2.2041395265915087,0.9775043266244652,0.7133757961783439,0.0,25.0
36,CF,Central African Republic,CAF,117598.24547467065,276519538.49548197,6487032.95419228,20499024.135247603,0.020499024135247602,0.27651953849548194,0.11759824547467064,0.0,7.0,21.0
37,CG,"Congo, Republic of the",COG,745208.0908979266,1305808190.2923522,33843032.03435361,106943981.2285574,0.10694398122855739,1.3058081902923524,0.7452080908979266,0.13636363636363635,-1.0,15.0
38,CH,"Switzerland, Swiss Confederation",CHE,31033131.543099683,63898774560.10983,1654423645.4964852,5227978719.768894,5.227978719768894,63.898774560109835,31.03313154309968,0.032015065913371,47.0,8.0
39,CI,"Cote d'Ivoire, Republic of",CIV,1715096.5002635357,4530175504.587093,107983157.24610248,341226776.89768386,0.3412267768976838,4.530175504587094,1.7150965002635357,0.0,8.0,-5.0
40,CK,Cook Islands,COK,246551.4613999995,725403101.9893848,16442787.01500086,51959206.96740272,0.05195920696740272,0.7254031019893846,0.2465514613999995,0.6153846153846154,-21.2333,-159.7667
41,CL,"Chile, Republic of",CHL,22016433.424022175,45586418871.47451,1147677169.1982944,3626659854.6666107,3.626659854666611,45.586418871474514,22.016433424022175,0.2540983606557377,-30.0,-71.0
42,CM,"Cameroon, Republic of",CMR,1238715.108611673,2929315047.0820217,71173540.54642284,224908388.12669623,0.22490838812669622,2.9293150470820217,1.2387151086116728,0.15625,6.0,12.0
43,CN,"China, People's Republic of",CHN,818290217.1389416,1272437138366.549,31721859607.26329,100241076358.95201,100.241076358952,1272.437138366549,818.2902171389417,0.8127381068672462,35.0,105.0
44,CO,"Colombia, Republic of",COL,45250006.46256924,46658440574.000885,1298570597.493376,4103483088.0790687,4.103483088079068,46.658440574000885,45.25000646256924,0.45137614678899085,4.0,-72.0
45,CR,"Costa Rica, Republic of",CRI,4249198.747332283,10519695809.584356,252325259.30934453,797347819.4175287,0.7973478194175287,10.519695809584356,4.249198747332283,0.1459227467811159,10.0,-84.0
46,CU,"Cuba, Republic of",CUB,5741922.490491153,16178050229.174564,401446538.84250844,1268571062.7423267,1.2685710627423268,16.178050229174563,5.741922490491153,0.034383954154727794,21.5,-80.0
47,CV,"Cape Verde, Republic of",CPV,1613218.594599539,4627078438.312536,104555567.20350637,330395592.36308014,0.33039559236308014,4.6270784383125365,1.613218594599539,0.09411764705882353,16.0,-24.0
48,CW,CuraÃ§ao,CUW,927813.8126705902,2744102068.306443,73713235.59357017,232933824.47568172,0.23293382447568173,2.7441020683064434,0.9278138126705903,0.0,,
49,CX,Christmas Island,CXR,12548.367999999944,31703320.23684211,712513.1542680449,2251541.567487022,0.002251541567487022,0.03170332023684211,0.012548367999999945,0.0,-10.5,105.6667
50,CY,"Cyprus, Republic of",CYP,8630726.986193592,14727233461.35844,336700232.24443775,1063972733.8924233,1.0639727338924234,14.727233461358441,8.630726986193592,0.011396011396011397,35.0,33.0
51,CZ,Czech Republic,CZE,12312576.219871238,19401317900.84915,460025252.25847954,1453679797.1367953,1.4536797971367954,19.40131790084915,12.312576219871238,0.03829787234042553,49.75,15.5
52,DE,"Germany, Federal Republic of",DEU,157714956.36198732,308961005334.71954,7920368261.597213,25028363706.647194,25.028363706647195,308.9610053347195,157.7149563619873,0.1477660225583632,51.0,9.0
53,DJ,"Djibouti, Republic of",DJI,340089.5970242304,603451343.2654828,14607863.849208757,46160849.76349968,0.04616084976349968,0.6034513432654828,0.34008959702423036,0.0,11.5,43.0
54,DK,"Denmark, Kingdom of",DNK,23654274.41099309,36693100068.96766,917775301.1202728,2900169951.540062,2.900169951540062,36.69310006896766,23.654274410993093,0.1315669255367748,56.0,10.0
55,DM,"Dominica, Commonwealth of",DMA,92896.91899999969,28815266.079511214,1436793.3870921165,4540267.103211088,0.004540267103211088,0.028815266079511213,0.0928969189999997,0.0,15.4167,-61.3333
56,DO,Dominican Republic,DOM,8595978.84521355,25736800252.714066,585830294.2942665,1851223729.9698822,1.8512237299698824,25.736800252714065,8.595978845213548,0.01436265709156194,19.0,-70.6667
57,DZ,"Algeria, People's Democratic Republic of",DZA,10795895.724519104,14350124790.533636,367341997.08908296,1160800710.8015022,1.1608007108015022,14.350124790533636,10.795895724519102,0.26521060842433697,28.0,3.0
58,EC,"Ecuador, Republic of",ECU,5984426.662012947,9786715575.938623,264632127.2991298,836237522.2652502,0.8362375222652502,9.786715575938622,5.984426662012947,0.17391304347826086,-2.0,-77.5
59,EE,"Estonia, Republic of",EST,2114678.1009800034,2358451255.514723,60134767.6583812,190025865.80048463,0.1900258658004846,2.358451255514723,2.114678100980003,0.025078369905956112,59.0,26.0
60,EG,"Egypt, Arab Republic of",EGY,27275125.17988536,51968748751.90814,1208708030.2753243,3819517375.670025,3.819517375670025,51.96874875190814,27.27512517988536,0.025454545454545455,27.0,30.0
61,EH,Western Sahara,ESH,446241.81218501274,417160242.05978775,10083862.267848335,31865004.766400743,0.031865004766400744,0.4171602420597878,0.44624181218501274,0.12121212121212122,24.5,-13.0
62,ER,"Eritrea, State of",ERI,342675.67350213847,426353670.9615315,10669759.527715841,33716440.107582055,0.033716440107582055,0.4263536709615315,0.34267567350213846,0.16666666666666666,15.0,39.0
63,ES,"Spain, Kingdom of",ESP,155548743.50971976,280793786983.4336,6570174428.615219,20761751194.42409,20.761751194424093,280.79378698343356,155.54874350971974,0.26201495194019225,40.0,-4.0
64,ET,"Ethiopia, Federal Democratic Republic of",ETH,9607138.352112297,35207325159.94164,835437000.5857266,2639980921.8508964,2.639980921850896,35.20732515994164,9.607138352112297,0.28451882845188287,8.0,38.0
65,FI,"Finland, Republic of",FIN,17440245.51705941,35938032757.28465,840628631.3575714,2656386475.089926,2.656386475089926,35.93803275728465,17.44024551705941,0.16022889842632332,64.0,26.0
66,FJ,"Fiji, Republic of the Fiji Islands",FJI,1830822.7140999974,5403093687.657143,130578967.78848217,412629538.2116037,0.41262953821160375,5.403093687657142,1.8308227140999973,0.5,-18.0,175.0
67,FK,Falkland Islands (Malvinas),FLK,32933.034499999885,267740831.78176326,7219510.828528639,22813654.2181505,0.0228136542181505,0.2677408317817632,0.03293303449999989,0.0,-51.75,-59.0
68,FM,"Micronesia, Federated States of",FSM,130953.24299999994,175064471.50744075,4416220.749925912,13955257.56976588,0.013955257569765882,0.17506447150744076,0.13095324299999997,0.37037037037037035,6.9167,158.25
69,FO,Faroe Islands,FRO,285671.63062505657,370897424.45307887,8026164.524918167,25362679.898741413,0.02536267989874141,0.3708974244530789,0.28567163062505657,0.04878048780487805,62.0,-7.0
70,FR,"France, French Republic",FRA,117335913.89695781,243665517372.33948,6182815600.515023,19537697297.627472,19.537697297627474,243.66551737233948,117.33591389695782,0.3178041265988236,46.0,2.0
71,GA,"Gabon, Gabonese Republic",GAB,689797.3244570552,1311056233.7227378,31919871.737535086,100866794.69061087,0.10086679469061087,1.3110562337227378,0.6897973244570551,0.3404255319148936,-1.0,11.75
72,GB,United Kingdom of Great Britain & Northern Ireland,GBR,170899266.83815727,428158158817.73444,10645739510.991331,33640536854.732605,33.64053685473261,428.15815881773443,170.89926683815727,0.1805048420384188,54.0,-2.0
73,GD,Grenada,GRD,309363.8669079644,637693923.3290102,15809655.768207973,49958512.22753719,0.04995851222753719,0.6376939233290102,0.3093638669079644,0.0625,12.1167,-61.6667
74,GE,Georgia,GEO,3447161.283011413,6021583988.926424,135456585.65943307,428042810.6838085,0.4280428106838085,6.021583988926424,3.447161283011413,0.04966139954853273,42.0,43.5
75,GF,French Guiana,GUF,204034.87777284422,1373364156.751601,33429463.754622687,105637105.4646077,0.1056371054646077,1.3733641567516008,0.2040348777728442,0.0,4.0,-53.0
76,GG,"Guernsey, Bailiwick of",GGY,695150.3530360749,150193761.68932277,5874888.899781077,18564648.923308205,0.018564648923308207,0.15019376168932277,0.6951503530360749,0.10666666666666667,49.5,-2.56
77,GH,"Ghana, Republic of",GHA,2224088.174847339,6219935979.489012,161605717.47478253,510674067.22031283,0.5106740672203128,6.219935979489011,2.224088174847339,0.10526315789473684,8.0,-2.0
78,GI,Gibraltar,GIB,269939.43492257845,455240239.7226876,9439114.112767385,29827600.59634494,0.029827600596344938,0.4552402397226876,0.26993943492257844,0.0,36.1833,-5.3667
79,GL,Greenland,GRL,362628.53218223614,389394491.5614482,11311924.44632435,35745681.25038495,0.03574568125038494,0.3893944915614482,0.3626285321822361,0.7640449438202247,72.0,-40.0
80,GM,"Gambia, Republic of the",GMB,357634.80487386935,1029703199.4550366,22996393.818324886,72668604.46590663,0.07266860446590664,1.0297031994550367,0.35763480487386934,0.0,13.4667,-16.5667
81,GN,"Guinea, Republic of",GIN,438927.1028321483,1191006340.0578094,28114284.796869572,88841139.95810784,0.08884113995810786,1.1910063400578095,0.4389271028321483,0.0,11.0,-10.0
82,GP,Guadeloupe,GLP,952864.7610373794,4853927134.187846,120715741.75495267,381461743.94565046,0.38146174394565047,4.853927134187846,0.9528647610373795,0.0,16.25,-61.5833
83,GQ,"Equatorial Guinea, Republic of",GNQ,566852.5912319898,895213013.338955,22940611.767770603,72492333.18615511,0.07249233318615511,0.895213013338955,0.5668525912319898,0.2,2.0,10.0
84,GR,"Greece, Hellenic Republic",GRC,37676280.20557036,56954383134.61823,1305747973.393457,4126163595.923324,4.126163595923324,56.95438313461823,37.676280205570365,0.21181801019444968,39.0,22.0
85,GT,"Guatemala, Republic of",GTM,2006084.7008348773,3347288055.0024066,82082065.83616981,259379328.0422966,0.2593793280422966,3.3472880550024064,2.006084700834877,0.0625,15.5,-90.25
86,GU,Guam,GUM,1743573.7729999998,4954851936.564798,113749737.50376564,359449170.5118995,0.35944917051189945,4.954851936564799,1.7435737729999998,0.0,13.4667,144.7833
87,GW,"Guinea-Bissau, Republic of",GNB,123013.77354598508,233848392.3943295,5092454.682768763,16092156.797549292,0.016092156797549294,0.2338483923943295,0.12301377354598508,0.0,12.0,-15.0
88,GY,"Guyana, Co-operative Republic of",GUY,389346.15706521715,873427979.9132196,21354866.95488783,67481379.57744554,0.06748137957744554,0.8734279799132195,0.38934615706521714,0.0,5.0,-59.0
89,HK,"Hong Kong, Special Administrative Region of China",HKG,44762334.88597475,153812826713.25027,3932998112.795261,12428274036.433025,12.428274036433026,153.81282671325027,44.76233488597475,0.007259528130671506,22.25,114.1667
90,HN,"Honduras, Republic of",HND,1403453.3615621757,1768255403.6962314,45550916.74617457,143940896.91791165,0.14394089691791165,1.7682554036962315,1.4034533615621756,0.19858156028368795,15.0,-86.5
91,HR,"Croatia, Republic of",HRV,6899116.747979809,8280305303.882718,202823732.25232136,640922993.9173355,0.6409229939173355,8.280305303882718,6.899116747979809,0.07858861267040898,45.1667,15.5
92,HT,"Haiti, Republic of",HTI,926092.644227206,1303503176.5615404,31749965.151662596,100329889.8792538,0.1003298898792538,1.3035031765615404,0.926092644227206,0.056338028169014086,19.0,-72.4167
93,HU,"Hungary, Republic of",HUN,9377168.6039691,13649597502.969301,312038192.3210379,986040687.7344798,0.9860406877344798,13.649597502969302,9.377168603969102,0.01095290251916758,47.0,20.0
94,ID,"Indonesia, Republic of",IDN,110827358.20210475,150838818285.62573,3941900161.2592764,12456404509.579313,12.456404509579313,150.83881828562576,110.82735820210475,0.7109905020352781,-5.0,120.0
95,IE,Ireland,IRL,21029386.52454443,38203314431.277534,911993743.2100135,2881900228.543643,2.881900228543643,38.20331443127753,21.029386524544428,0.04657534246575343,53.0,-8.0
96,IL,"Israel, State of",ISR,15147374.200272715,44977749681.69928,999451276.3442073,3158266033.2476954,3.1582660332476955,44.97774968169928,15.147374200272715,0.03177570093457944,31.5,34.75
97,IM,Isle of Man,IMN,520557.4071982192,130891637.78501077,5683230.955075326,17959009.81803803,0.017959009818038035,0.13089163778501076,0.5205574071982192,0.0,54.23,-4.55
98,IN,"India, Republic of",IND,179058242.48832592,272823673202.6561,6788963544.646447,21453124801.082775,21.453124801082776,272.8236732026561,179.05824248832593,0.7047675451584247,20.0,77.0
99,IQ,"Iraq, Republic of",IRQ,6038764.90335766,7677492373.229709,190895651.62185252,603230259.125054,0.603230259125054,7.6774923732297085,6.03876490335766,0.05830903790087463,33.0,44.0
100,IR,"Iran, Islamic Republic of",IRN,33614825.00698742,33278477594.510082,910451168.2261431,2877025691.5946126,2.8770256915946124,33.278477594510086,33.614825006987424,0.6224489795918368,32.0,53.0
101,IS,"Iceland, Republic of",ISL,4491701.246859935,12164231977.698904,289948720.11216986,916237955.5544568,0.9162379555544568,12.164231977698904,4.491701246859935,0.04081632653061224,65.0,-18.0
102,IT,"Italy, Italian Republic",ITA,116311136.85232109,172207381592.3992,4321525160.546616,13656019507.327305,13.656019507327306,172.2073815923992,116.31113685232108,0.26841937877663524,42.8333,12.8333
103,JE,"Jersey, Bailiwick of",JEY,1146216.606210951,352874471.69499266,13799790.011949848,43607336.43776152,0.043607336437761525,0.3528744716949927,1.1462166062109511,0.03007518796992481,49.21,-2.13
104,JM,Jamaica,JAM,3742592.7503064284,9107636575.042633,209770936.27456057,662876158.6276114,0.6628761586276114,9.107636575042633,3.7425927503064282,0.0071174377224199285,18.25,-77.5
105,JO,"Jordan, Hashemite Kingdom of",JOR,6421504.94920611,12423650384.30192,288634449.23464614,912084859.5814818,0.9120848595814819,12.42365038430192,6.42150494920611,0.011799410029498525,31.0,36.0
106,JP,Japan,JPN,188096108.80540824,338176613451.95844,8745897557.4286,27637036281.47438,27.63703628147438,338.1766134519584,188.09610880540825,0.4499196572040707,36.0,138.0
107,KE,"Kenya, Republic of",KEN,7252857.012112688,18167222078.84257,442331594.0686801,1397767837.2570293,1.3977678372570292,18.16722207884257,7.252857012112688,0.39285714285714285,1.0,38.0
108,KG,Kyrgyz Republic,KGZ,2580670.0522999987,3988079296.408054,99235484.38964093,313584130.6712653,0.31358413067126534,3.988079296408054,2.5806700522999986,0.12,41.0,75.0
109,KH,"Cambodia, Kingdom of",KHM,7776211.150318289,11954780994.057995,293682602.0237952,928037022.3951929,0.9280370223951928,11.954780994057995,7.776211150318289,0.034482758620689655,13.0,105.0
110,KI,"Kiribati, Republic of",KIR,166078.7657,109067548.8182328,3574037.829755137,11293959.542026235,0.011293959542026234,0.1090675488182328,0.1660787657,0.7692307692307693,1.4167,173.0
111,KM,"Comoros, Union of the",COM,263677.59179999965,285578172.7979633,7647278.9321834855,24165401.425699815,0.024165401425699815,0.28557817279796327,0.2636775917999996,0.3,-12.1667,44.25
112,KN,"Saint Kitts and Nevis, Federation of",KNA,252749.99539999993,431134435.81366366,10544729.642561797,33321345.67049528,0.03332134567049528,0.4311344358136636,0.2527499953999999,0.03571428571428571,17.3333,-62.75
113,KP,"Korea, Democratic People's Republic of",PRK,89398.45599999989,61100054.601456866,1861862.50892125,5883485.52819115,0.0058834855281911505,0.061100054601456864,0.08939845599999989,0.0,40.0,127.0
114,KR,"Korea, Republic of",KOR,79590366.60497615,163660934897.2322,4273990860.744823,13505811119.953642,13.505811119953641,163.6609348972322,79.59036660497615,0.25068870523415976,37.0,127.5
115,KW,"Kuwait, State of",KWT,11145160.33643466,21603858972.162514,529313072.5197709,1672629309.162476,1.6726293091624762,21.603858972162513,11.145160336434662,0.0,29.3375,47.6581
116,KY,Cayman Islands,CYM,979235.1724999999,1474892491.408501,38602379.56768937,121983519.4338984,0.12198351943389842,1.4748924914085009,0.9792351724999999,0.016260162601626018,19.5,-80.5
117,KZ,"Kazakhstan, Republic of",KAZ,10209807.516282273,18235454187.436497,438897883.44750464,1386917311.6941147,1.3869173116941147,18.235454187436495,10.209807516282273,0.3410526315789474,48.0,68.0
118,LA,Lao People's Democratic Republic,LAO,1924991.1344999976,2062146846.5832026,55134307.086089104,174224410.39204156,0.17422441039204156,2.0621468465832025,1.9249911344999975,0.24561403508771928,18.0,105.0
119,LB,"Lebanon, Lebanese Republic",LBN,5683838.134792712,9945588660.809513,238176309.64885104,752637138.4903693,0.7526371384903693,9.945588660809513,5.683838134792711,0.005797101449275362,33.8333,35.8333
120,LC,Saint Lucia,LCA,718879.0836625709,2248817392.874929,55016725.04471195,173852851.14128977,0.17385285114128976,2.248817392874929,0.7188790836625709,0.0,13.8833,-61.1333
121,LK,"Sri Lanka, Democratic Socialist Republic of",LKA,7425706.286562932,18830630901.855537,445636768.88358635,1408212189.6721327,1.408212189672133,18.830630901855535,7.4257062865629315,0.32989690721649484,7.0,81.0
122,LR,"Liberia, Republic of",LBR,195041.12611156193,436118299.78613466,10535753.451397192,33292980.906415127,0.03329298090641512,0.43611829978613464,0.1950411261115619,0.0,6.5,-9.5
123,LS,"Lesotho, Kingdom of",LSO,42671.384,15982060.26732818,656362.6805140591,2074106.070424427,0.002074106070424427,0.01598206026732818,0.042671384,0.0,-29.5,28.5
124,LT,"Lithuania, Republic of",LTU,3722463.014604039,4876983671.053601,115098168.4880187,363710212.4221391,0.36371021242213913,4.876983671053601,3.722463014604039,0.021413276231263382,56.0,24.0
125,LU,"Luxembourg, Grand Duchy of",LUX,3520750.327175486,5811853747.744882,151573073.82730368,478970913.29427963,0.47897091329427965,5.811853747744881,3.520750327175486,0.014634146341463415,49.75,6.1667
126,LV,"Latvia, Republic of",LVA,4625582.273163516,5375963485.203278,136135256.90119064,430187411.8077624,0.43018741180776243,5.375963485203277,4.625582273163516,0.014760147601476014,57.0,25.0
127,LY,Libyan Arab Jamahiriya,LBY,1497918.2315134758,1827849548.3354728,46432786.18557963,146727604.34643164,0.14672760434643164,1.8278495483354729,1.4979182315134756,0.20618556701030927,25.0,17.0
128,MA,"Morocco, Kingdom of",MAR,16530238.6371983,35354379620.73184,769110511.6499108,2430389216.8137183,2.4303892168137184,35.35437962073184,16.5302386371983,0.16774955699940933,32.0,-5.0
129,MC,"Monaco, Principality of",MCO,137525.0869999995,2483219.2979541025,1287951.9714421057,4069928.2297570542,0.004069928229757054,0.0024832192979541024,0.13752508699999952,0.0,43.7333,7.4
130,MD,"Moldova, Republic of",MDA,1851355.1260601454,2447835340.40474,57418687.52783775,181443052.5879673,0.1814430525879673,2.44783534040474,1.8513551260601455,0.02586206896551724,47.0,29.0
131,ME,"Montenegro, Republic of",MNE,1600518.8400631389,1955764980.3376305,47789107.96370945,151013581.1653219,0.15101358116532188,1.9557649803376305,1.600518840063139,0.03278688524590164,42.0,19.0
132,MF,Saint Martin,MAF,234829.1014999999,78925129.77312571,3459887.7118575755,10933245.169469938,0.01093324516946994,0.07892512977312571,0.23482910149999991,0.0,,
133,MG,"Madagascar, Republic of",MDG,1428663.098428294,2760175216.673352,75374466.96159549,238183315.59864175,0.23818331559864175,2.7601752166733515,1.428663098428294,0.6299212598425197,-20.0,47.0
134,MH,"Marshall Islands, Republic of the",MHL,275399.4118499999,276553486.10254484,7622890.755646174,24088334.787841912,0.02408833478784191,0.2765534861025448,0.2753994118499999,0.8115942028985508,9.0,168.0
135,MK,"Macedonia, The Former Yugoslav Republic of",MKD,1503352.6828214435,1884521751.609955,44397267.096908055,140295364.02622944,0.14029536402622947,1.884521751609955,1.5033526828214436,0.025423728813559324,41.8333,22.0
136,ML,"Mali, Republic of",MLI,769562.5258205985,1726622437.8779507,39544067.53346898,124959253.40576197,0.12495925340576197,1.7266224378779507,0.7695625258205985,0.14285714285714285,17.0,-4.0
137,MM,"Myanmar, Union of",MMR,4841837.402929059,6535014865.9566555,164698081.54016805,520445937.6669311,0.520445937666931,6.535014865956655,4.841837402929059,0.5333333333333333,22.0,98.0
138,MN,Mongolia,MNG,808843.7023008844,1839896883.3092983,42984593.192155935,135831314.48721278,0.13583131448721275,1.8398968833092981,0.8088437023008844,0.35294117647058826,46.0,105.0
139,MO,"Macao, Special Administrative Region of China",MAC,5627923.9902283875,8104540796.482905,196845449.3949748,622031620.0881203,0.6220316200881204,8.104540796482906,5.627923990228387,0.0,22.1667,113.55
140,MP,"Northern Mariana Islands, Commonwealth of the",MNP,611930.924,1318509391.4244316,32297277.690853544,102059397.5030972,0.1020593975030972,1.3185093914244317,0.6119309239999999,0.3157894736842105,15.2,145.75
141,MQ,Martinique,MTQ,811909.7472349978,4178789825.496435,102478381.0300885,323831684.05507964,0.32383168405507967,4.178789825496435,0.8119097472349979,0.0,14.6667,-61.0
142,MR,"Mauritania, Islamic Republic of",MRT,366121.5272359717,763332717.1600301,18159056.43465028,57382618.333494894,0.057382618333494895,0.76333271716003,0.3661215272359717,0.09523809523809523,20.0,-12.0
143,MS,Montserrat,MSR,9788.24699999999,560642.8659167029,98033.8666238299,309787.0185313025,0.00030978701853130253,0.0005606428659167029,0.00978824699999999,0.0,16.75,-62.2
144,MT,"Malta, Republic of",MLT,4396235.878878318,7222874653.219691,155909333.8815384,492673495.0656613,0.4926734950656613,7.222874653219692,4.396235878878318,0.00425531914893617,35.8333,14.5833
145,MU,"Mauritius, Republic of",MUS,2433443.343766525,11115285518.907217,273405577.9163829,863961626.2157699,0.86396162621577,11.115285518907216,2.4334433437665246,0.031746031746031744,-20.2833,57.55
146,MV,"Maldives, Republic of",MDV,3199425.4790539714,9901792726.530128,231146386.33727875,730422580.8258009,0.7304225808258009,9.901792726530127,3.1994254790539713,0.21978021978021978,3.25,73.0
147,MW,"Malawi, Republic of",MWI,346507.61399999965,534920385.898477,12983619.328286655,41028237.07738583,0.04102823707738583,0.534920385898477,0.3465076139999997,0.10526315789473684,-13.5,34.0
148,MX,"Mexico, United Mexican States",MEX,95246318.43281916,162814665541.9567,4006782716.7686944,12661433384.989075,12.661433384989074,162.81466554195669,95.24631843281917,0.2162582652664333,23.0,-102.0
149,MY,Malaysia,MYS,60341983.44115985,111290748732.94412,2700178396.871977,8532563734.115448,8.532563734115447,111.29074873294412,60.341983441159854,0.453781512605042,2.5,112.5
150,MZ,"Mozambique, Republic of",MOZ,1364717.3763677627,2057537769.4450467,54794553.7220654,173150789.76172665,0.17315078976172665,2.0575377694450467,1.3647173763677627,0.6363636363636364,-18.25,35.0
151,NA,"Namibia, Republic of",NAM,983906.4044255757,2561302669.0806594,64175979.02790452,202796093.7281783,0.20279609372817828,2.5613026690806593,0.9839064044255758,0.35294117647058826,-22.0,17.0
152,NC,New Caledonia,NCL,740790.9941087575,1309000902.1984572,34147574.14363988,107906334.29390201,0.107906334293902,1.3090009021984572,0.7407909941087575,0.48,-21.5,165.5
153,NE,"Niger, Republic of",NER,465921.6042019366,1051364321.6283628,24787275.129657686,78327789.40971829,0.07832778940971828,1.0513643216283628,0.4659216042019366,0.0,16.0,8.0
154,NF,Norfolk Island,NFK,41570.801999999996,65545458.73169093,1556234.6892169672,4917701.617925617,0.004917701617925617,0.06554545873169093,0.041570802000000004,0.0,-29.0333,167.95
155,NG,"Nigeria, Federal Republic of",NGA,9066417.533429936,15832820211.63653,417460674.6795568,1319175731.9873996,1.3191757319873996,15.83282021163653,9.066417533429934,0.3893805309734513,10.0,8.0
156,NI,"Nicaragua, Republic of",NIC,1053237.8387567832,845399528.8371687,24192716.59004329,76448984.42453681,0.0764489844245368,0.8453995288371687,1.0532378387567831,0.19230769230769232,13.0,-85.0
157,NL,"Netherlands, Kingdom of the",NLD,46030837.90317767,127443879601.81061,3180494268.870826,10050361889.631811,10.05036188963181,127.44387960181061,46.03083790317767,0.04419047619047619,52.5,5.75
158,NO,"Norway, Kingdom of",NOR,39127342.681620896,35937078911.53975,942839258.1736535,2979372055.828745,2.979372055828745,35.93707891153974,39.127342681620895,0.40609137055837563,62.0,10.0
159,NP,"Nepal, State of",NPL,6392081.166172856,7988415149.635064,210418050.26888537,664921038.8496778,0.6649210388496778,7.988415149635064,6.392081166172857,0.6788990825688074,28.0,84.0
160,NR,"Nauru, Republic of",NRU,49378.867999999886,118523206.41320081,2709307.9883520543,8561413.243192492,0.00856141324319249,0.1185232064132008,0.04937886799999989,0.0,-0.5333,166.9167
161,NU,Niue,NIU,17431.6589999999,43306166.23415421,973095.513355826,3074981.8222044106,0.0030749818222044105,0.04330616623415421,0.0174316589999999,0.0,-19.0333,-169.8667
162,NZ,New Zealand,NZL,25506018.698882475,58064156702.55347,1528564712.0595334,4830264490.108126,4.830264490108125,58.06415670255347,25.506018698882478,0.5766062602965404,-41.0,174.0
163,OM,"Oman, Sultanate of",OMN,11108418.048519148,23577218854.15039,552116388.6496972,1744687788.133043,1.7446877881330431,23.57721885415039,11.108418048519148,0.05755395683453238,21.0,57.0
164,PA,"Panama, Republic of",PAN,10965432.836975658,27696747669.734455,658753522.2800977,2081661130.405109,2.081661130405109,27.696747669734457,10.965432836975658,0.10091743119266056,9.0,-80.0
165,PE,"Peru, Republic of",PER,23395542.23233491,38755868081.29609,994622563.522399,3143007300.730781,3.143007300730781,38.755868081296086,23.39554223233491,0.389937106918239,-10.0,-76.0
166,PF,French Polynesia,PYF,1654787.5340515673,4922142686.448282,135683655.79338318,428760352.3070909,0.4287603523070909,4.922142686448282,1.6547875340515672,0.725925925925926,-15.0,-140.0
167,PG,"Papua New Guinea, Independent State of",PNG,1661645.2991999995,1897305054.9513268,51118790.827586494,161535379.01517335,0.16153537901517334,1.8973050549513268,1.6616452991999995,0.8957055214723927,-6.0,147.0
168,PH,"Philippines, Republic of the",PHL,55871531.17432766,89518037937.28088,2311435521.5814886,7304136248.197505,7.304136248197505,89.5180379372809,55.87153117432766,0.6037735849056604,13.0,122.0
169,PK,"Pakistan, Islamic Republic of",PAK,11522391.030185597,26811838789.391983,629701703.0522528,1989857381.6451187,1.9898573816451188,26.811838789391985,11.522391030185597,0.2809917355371901,30.0,70.0
170,PL,"Poland, Republic of",POL,28046427.974213857,41119896935.84047,976346170.73883,3085253899.534703,3.085253899534703,41.11989693584047,28.046427974213856,0.11646447140381283,52.0,20.0
171,PM,Saint Pierre and Miquelon,SPM,22956.23399999997,20309550.147046395,582795.4360071364,1841633.5777825508,0.0018416335777825508,0.020309550147046395,0.02295623399999997,0.0,46.8333,-56.3333
172,PR,"Puerto Rico, Commonwealth of",PRI,6189637.740973809,12538163980.748152,279682992.7324732,883798257.0346153,0.8837982570346152,12.538163980748152,6.189637740973809,0.13186813186813187,18.25,-66.5
173,PT,"Portugal, Portuguese Republic",PRT,36105593.741958365,71359846976.76585,1640291056.1433895,5183319737.413112,5.183319737413111,71.35984697676587,36.10559374195836,0.20167581623808148,39.5,-8.0
174,PW,"Palau, Republic of",PLW,139862.9679999998,325470791.7050928,7532664.731255057,23803220.550765984,0.02380322055076598,0.3254707917050928,0.1398629679999998,0.0,7.5,134.5
175,PY,"Paraguay, Republic of",PRY,865069.2434692138,1993505518.8734314,48456238.73476687,153121714.40186334,0.1531217144018633,1.9935055188734314,0.8650692434692138,0.03076923076923077,-23.0,-58.0
176,QA,"Qatar, State of",QAT,27664000.51667721,126597438683.68903,3099330109.4277716,9793883145.79176,9.793883145791758,126.59743868368903,27.66400051667721,0.009523809523809525,25.5,51.25
177,RE,Reunion,REU,1374105.4063948551,6402860255.543127,169461246.2160795,535497538.0428113,0.5354975380428113,6.4028602555431275,1.3741054063948552,0.0,-21.1,55.6
178,RO,Romania,ROU,13574225.73373334,18611334204.737072,443688530.998029,1402055757.9537716,1.4020557579537718,18.611334204737073,13.57422573373334,0.2017291066282421,46.0,25.0
179,RS,"Serbia, Republic of",SRB,4448624.991026014,5461738148.873435,131675546.99233481,416094728.495778,0.416094728495778,5.461738148873435,4.448624991026014,0.032432432432432434,44.0,21.0
180,RU,Russian Federation,RUS,127053156.84844187,274690296823.3506,6489226137.711993,20505954595.1699,20.5059545951699,274.6902968233506,127.05315684844186,0.45274248528044625,60.0,100.0
181,RW,"Rwanda, Republic of",RWA,1172824.4982374972,3181797853.3828335,75883223.64961864,239790986.73279494,0.23979098673279495,3.1817978533828333,1.1728244982374973,0.05,-2.0,30.0
182,SA,"Saudi Arabia, Kingdom of",SAU,62204949.25189327,111183794541.70192,2768672643.472618,8749005553.373474,8.749005553373474,111.18379454170191,62.20494925189327,0.15650741350906094,25.0,45.0
183,SB,Solomon Islands,SLB,292570.8611999998,258208751.10624757,7329578.775045527,23161468.92914387,0.02316146892914387,0.2582087511062476,0.2925708611999998,0.8292682926829268,-8.0,159.0
184,SC,"Seychelles, Republic of",SYC,918653.9758110336,3083584270.50455,71389136.16520086,225589670.28203472,0.22558967028203475,3.08358427050455,0.9186539758110337,0.2,-4.5833,55.6667
185,SD,"Sudan, Republic of",SDN,2111569.932199997,3391584337.507838,81288901.62116213,256872929.12287235,0.25687292912287235,3.3915843375078376,2.1115699321999966,0.34782608695652173,15.0,30.0
186,SE,"Sweden, Kingdom of",SWE,30419836.109518215,39724036708.06179,972159884.2467456,3072025234.219716,3.072025234219716,39.724036708061796,30.419836109518215,0.23525661459993624,62.0,15.0
187,SG,"Singapore, Republic of",SGP,42912147.44883616,155411138525.0819,3864754837.8153005,12212625287.49635,12.21262528749635,155.4111385250819,42.912147448836166,0.00851063829787234,1.3667,103.8
188,SH,Saint Helena,SHN,7643.412,25481998.631742217,570928.9271695911,1804135.4098559078,0.0018041354098559076,0.025481998631742213,0.0076434120000000005,0.0,-15.9333,-5.7
189,SI,"Slovenia, Republic of",SVN,1085501.3570057936,1052967281.3649632,29567166.737362597,93432246.89006582,0.09343224689006581,1.052967281364963,1.0855013570057936,0.006779661016949152,46.0,15.0
190,SK,Slovakia (Slovak Republic),SVK,1700996.245761106,2342174833.133918,54040299.96462279,170767347.88820803,0.17076734788820802,2.342174833133918,1.700996245761106,0.028708133971291867,48.6667,19.5
191,SL,"Sierra Leone, Republic of",SLE,223812.98855035732,606213121.5575521,14561440.936115038,46014153.35812352,0.04601415335812352,0.6062131215575521,0.2238129885503573,0.0,8.5,-11.5
192,SN,"Senegal, Republic of",SEN,1723582.0019028573,5001483121.012595,118550012.26762567,374618038.7656971,0.37461803876569716,5.001483121012595,1.7235820019028574,0.020618556701030927,14.0,-14.0
193,SO,"Somalia, Somali Republic",SOM,567917.0986999994,760712740.1359668,19215580.045922197,60721232.94511414,0.06072123294511414,0.7607127401359667,0.5679170986999994,0.45,10.0,49.0
194,SR,"Suriname, Republic of",SUR,328058.67428098264,1482962320.5900042,41078652.24858587,129808541.10553136,0.12980854110553136,1.4829623205900042,0.3280586742809826,0.0,4.0,-56.0
195,SS,South Sudan,SSD,274661.11289999983,339963670.63332844,8703607.45154573,27503399.54688451,0.02750339954688451,0.33996367063332844,0.27466111289999984,0.3076923076923077,8.0,30.0
196,ST,"Sao Tome and Principe, Democratic Republic of",STP,92641.97427639163,217071442.38697112,5166624.1839707885,16326532.421347693,0.016326532421347694,0.2170714423869711,0.09264197427639163,0.14285714285714285,1.0,7.0
197,SV,"El Salvador, Republic of",SLV,3080544.0999696637,6240498030.123101,146506312.5599368,462959947.68940026,0.4629599476894003,6.240498030123101,3.080544099969664,0.0,13.8333,-88.9167
198,SX,Sint Maarten (Netherlands),SXM,1045910.1045149572,2088780253.8948855,54230040.49693859,171366927.97032598,0.17136692797032596,2.0887802538948854,1.0459101045149573,0.0,,
199,SY,Syrian Arab Republic,SYR,468524.3350343133,524867457.73144853,13411425.308293447,42380103.97420729,0.042380103974207294,0.5248674577314485,0.4685243350343133,0.2222222222222222,35.0,38.0
200,SZ,"Swaziland, Kingdom of",SWZ,42946.529500000004,15014921.326272454,642316.0052350772,2029718.576542844,0.0020297185765428436,0.015014921326272456,0.042946529500000004,0.0,-26.5,31.5
201,TC,Turks and Caicos Islands,TCA,764379.2143695932,1211805904.4086733,29673346.34829717,93767774.46061906,0.09376777446061907,1.2118059044086733,0.7643792143695932,0.029850746268656716,21.75,-71.5833
202,TD,"Chad, Republic of",TCD,230702.95837421485,555731913.7628478,12952016.092752082,40928370.85309658,0.040928370853096585,0.5557319137628478,0.23070295837421487,0.0,15.0,19.0
203,TG,"Togo, Togolese Republic",TGO,663122.0968814819,1643513851.2714252,38777150.826033816,122535796.61026686,0.12253579661026687,1.6435138512714254,0.6631220968814819,0.0,8.0,1.1667
204,TH,"Thailand, Kingdom of",THA,99762464.25117287,192588802003.30386,4788334644.9879675,15131137478.161978,15.131137478161978,192.58880200330384,99.76246425117287,0.19239373601789708,15.0,100.0
205,TJ,"Tajikistan, Republic of",TJK,1349943.5996812116,3491722398.1091413,78191065.20127231,247083766.0360205,0.24708376603602047,3.491722398109141,1.3499435996812117,0.03278688524590164,39.0,71.0
206,TL,"Timor-Leste, Democratic Republic of",TLS,187575.56999999998,203259913.42607605,5271268.189288013,16657207.47815012,0.01665720747815012,0.20325991342607605,0.18757557,0.0,-8.55,125.5167
207,TM,Turkmenistan,TKM,1268181.587118817,2248796161.982423,55356797.699788,174927480.73133007,0.17492748073133008,2.248796161982423,1.2681815871188171,0.3076923076923077,40.0,60.0
208,TN,"Tunisia, Tunisian Republic",TUN,7169574.0231805695,12395217647.675991,290193569.6479429,917011680.0874997,0.9170116800874997,12.39521764767599,7.169574023180569,0.027874564459930314,34.0,9.0
209,TO,"Tonga, Kingdom of",TON,151223.907,286797449.5660049,6700240.093276947,21172758.694755156,0.021172758694755156,0.2867974495660049,0.151223907,0.0,-20.0,-175.0
210,TR,"Turkey, Republic of",TUR,125011705.47420725,205968808384.94464,4958253338.229861,15668080548.806364,15.668080548806364,205.96880838494462,125.01170547420726,0.2893168906747956,39.0,35.0
211,TT,"Trinidad and Tobago, Republic of",TTO,1478589.3695340347,3408617127.4126906,80695221.17250437,254996898.9051138,0.2549968989051138,3.408617127412691,1.4785893695340349,0.027777777777777776,11.0,-61.0
212,TV,Tuvalu,TUV,12531.0359999999,13665613.470990751,353262.0769121159,1116308.1630422864,0.0011163081630422864,0.01366561347099075,0.0125310359999999,0.0,-8.0,178.0
213,TW,Taiwan,TWN,37947506.895837516,86126331541.34349,2130973383.677219,6733875892.420012,6.733875892420012,86.12633154134349,37.94750689583752,0.24242424242424243,23.5,121.0
214,TZ,"Tanzania, United Republic of",TZA,3644734.189665489,6270262688.851646,156833042.86962786,495592415.4680241,0.4955924154680241,6.270262688851646,3.644734189665489,0.5114155251141552,-6.0,35.0
215,UA,Ukraine,UKR,16424512.64684905,25774733796.563393,603706186.4843183,1907711549.2904456,1.9077115492904455,25.774733796563392,16.42451264684905,0.14709851551956815,49.0,32.0
216,UG,"Uganda, Republic of",UGA,1323085.0915952816,2534289445.2098665,62407747.102355264,197208480.84344265,0.19720848084344264,2.5342894452098665,1.3230850915952816,0.13333333333333333,1.0,32.0
217,US,United States of America,USA,1160170578.5793808,2294471667173.51,58938331628.35347,186245127945.597,186.24512794559698,2294.47166717351,1160.1705785793808,0.8895793834702619,38.0,-97.0
218,UY,"Uruguay, Eastern Republic of",URY,1355760.0078691763,3845184714.4775753,98867742.94140944,312422067.69485384,0.3124220676948538,3.8451847144775755,1.3557600078691765,0.0,-33.0,-56.0
219,UZ,"Uzbekistan, Republic of",UZB,4310960.315672317,9978065727.41547,230661455.2368591,728890198.5484748,0.7288901985484748,9.97806572741547,4.310960315672316,0.16113744075829384,41.0,64.0
220,VC,Saint Vincent and the Grenadines,VCT,164636.53400176964,120031369.38558348,3883438.0163260284,12271664.13159025,0.01227166413159025,0.12003136938558348,0.16463653400176964,0.40816326530612246,13.25,-61.2
221,VE,"Venezuela, Bolivarian Republic of",VEN,3019914.807845213,4459641875.648455,122914713.33262186,388410494.1310851,0.3884104941310851,4.459641875648455,3.019914807845213,0.43478260869565216,8.0,-66.0
222,VG,British Virgin Islands,VGB,217158.24449999986,53136380.09901032,2599074.941494679,8213076.815123187,0.008213076815123187,0.05313638009901032,0.21715824449999985,0.06451612903225806,18.5,-64.5
223,VI,United States Virgin Islands,VIR,1120830.293,1493636428.6775746,37748352.08853374,119284792.59976661,0.1192847925997666,1.4936364286775745,1.120830293,0.1,18.3333,-64.8333
224,VN,"Vietnam, Socialist Republic of",VNM,67595192.43976098,92391206548.84695,2356247375.8552113,7445741707.702468,7.445741707702468,92.39120654884695,67.595192439761,0.3518930957683742,16.0,106.0
225,VU,"Vanuatu, Republic of",VUT,528727.7823999996,495577804.7259844,13912468.841648886,43963401.539610475,0.04396340153961048,0.4955778047259844,0.5287277823999995,0.8505747126436781,-16.0,167.0
226,WF,Wallis and Futuna,WLF,34472.38995973643,41247688.591273755,1064175.0452761305,3362793.1430725725,0.0033627931430725727,0.04124768859127376,0.03447238995973643,0.5,-13.3,-176.2
227,WS,"Samoa, Independent State of",WSM,328057.9393999994,809623849.3999155,18592407.966659524,58752009.1746441,0.05875200917464409,0.8096238493999154,0.32805793939999944,0.13333333333333333,-13.5833,-172.3333
228,XK,Kosovo,XKX,1285509.056114671,1424819951.9822428,34219570.81442135,108133843.77357146,0.10813384377357146,1.4248199519822429,1.285509056114671,0.0,,
229,YE,Yemen,YEM,41424.123,22306630.073862508,758615.294120471,2397224.3294206886,0.0023972243294206885,0.022306630073862507,0.041424123,0.75,15.0,48.0
230,YT,Mayotte,MYT,162938.3674460264,366407248.12084866,8686304.276120812,27448721.51254177,0.027448721512541772,0.3664072481208487,0.16293836744602638,0.0,-12.8333,45.1667
231,ZA,"South Africa, Republic of",ZAF,27706253.184547994,69776141826.46216,1833364351.1605337,5793431349.667286,5.793431349667286,69.77614182646215,27.706253184547997,0.3448275862068966,-29.0,24.0
232,ZM,"Zambia, Republic of",ZMB,993834.9934999978,1492199191.416383,37543935.09684089,118638834.9060172,0.1186388349060172,1.492199191416383,0.9938349934999978,0.2857142857142857,-15.0,30.0
233,ZW,"Zimbabwe, Republic of",ZWE,1158145.8544999973,1561850959.0468283,39853323.38564127,125936501.89862642,0.1259365018986264,1.5618509590468284,1.1581458544999974,0.24,-20.0,30.0
