,departure_country,departure_country_name,departure_ISO3,domestic,seats,ask,fuel_burn,co2,CO2 (Mt),ASK (Bn),Seats (Mn),departure_lat,departure_lon
0,AE,United Arab Emirates,ARE,0,76838643.74913166,308875094885.9184,7761569136.207817,24526558470.416702,24.526558470416703,308.8750948859184,76.83864374913166,24.0,54.0
1,AE,United Arab Emirates,ARE,1,3773469.444218123,2292461.759282809,710781.8146741237,2246070.534370231,0.0022460705343702305,0.002292461759282809,3.7734694442181227,24.0,54.0
2,AF,"Afghanistan, Islamic Republic of",AFG,0,1238704.6806758323,2621234036.0640345,64281616.50732584,203129908.16314968,0.20312990816314969,2.6212340360640343,1.2387046806758324,33.0,65.0
3,AF,"Afghanistan, Islamic Republic of",AFG,1,40652.252,18387467.81964876,708775.642397959,2239731.0299775507,0.002239731029977551,0.018387467819648763,0.040652252,33.0,65.0
4,AG,Antigua and Barbuda,ATG,0,667822.7462262216,1747642839.8508363,43628450.04776691,137865902.15094346,0.13786590215094344,1.7476428398508363,0.6678227462262215,17.05,-61.8
5,AG,Antigua and Barbuda,ATG,1,30198.57,1672052.8944411934,321391.04817948176,1015595.7122471624,0.0010155957122471623,0.0016720528944411935,0.03019857,17.05,-61.8
6,AI,Anguilla,AIA,0,30652.54099999989,7104030.062088388,413179.60170585295,1305647.5413904954,0.0013056475413904954,0.007104030062088388,0.03065254099999989,18.25,-63.1667
7,AL,"Albania, Republic of",ALB,0,2203174.4747008896,2042768270.6506526,54229942.00956777,171366616.75023416,0.17136661675023415,2.0427682706506527,2.2031744747008895,41.0,20.0
8,AL,"Albania, Republic of",ALB,1,874.9402090669362,0.0,0.0,0.0,0.0,0.0,0.0008749402090669361,41.0,20.0
9,AM,"Armenia, Republic of",ARM,0,2018228.597957292,3429539638.3485036,77474444.91972397,244819245.94632778,0.24481924594632776,3.4295396383485035,2.0182285979572923,40.0,45.0
10,AO,"Angola, Republic of",AGO,0,1249112.2588537717,5880405021.900009,142820001.50030786,451311204.7409729,0.4513112047409729,5.8804050219000095,1.2491122588537715,-12.5,18.5
11,AO,"Angola, Republic of",AGO,1,328721.7487,177908046.00581077,6252177.141692299,19756879.767747667,0.019756879767747666,0.17790804600581078,0.3287217487,-12.5,18.5
12,AR,"Argentina, Argentine Republic",ARG,0,8834579.330311993,39927772154.5543,1020687127.3449043,3225371322.409898,3.225371322409898,39.9277721545543,8.834579330311993,-34.0,-64.0
13,AR,"Argentina, Argentine Republic",ARG,1,16801885.320017394,17889809691.637913,481181031.4228822,1520532059.2963078,1.5205320592963079,17.88980969163791,16.801885320017394,-34.0,-64.0
14,AS,American Samoa,ASM,0,96256.0,165286899.8316701,4340211.520235827,13715068.403945213,0.013715068403945214,0.1652868998316701,0.09625600000000001,-14.3333,-170.0
15,AS,American Samoa,ASM,1,2720.0,308436.87427358853,18210.15442216394,57544.087974038055,5.754408797403806e-05,0.0003084368742735885,0.00272,-14.3333,-170.0
16,AT,"Austria, Republic of",AUT,0,22199435.359242268,35876636843.46946,873916312.7416348,2761575548.263566,2.761575548263566,35.87663684346946,22.19943535924227,47.3333,13.3333
17,AT,"Austria, Republic of",AUT,1,902353.3951229458,247658530.68961707,10029200.6242366,31692273.972587664,0.03169227397258766,0.24765853068961707,0.9023533951229458,47.3333,13.3333
18,AU,"Australia, Commonwealth of",AUS,0,26922309.503382422,181491609126.23096,4558968076.385374,14406339121.377785,14.406339121377783,181.49160912623097,26.922309503382422,-27.0,133.0
19,AU,"Australia, Commonwealth of",AUS,1,81525796.93162766,89515809430.09387,2403991361.9572725,7596612703.784981,7.596612703784981,89.51580943009387,81.52579693162767,-27.0,133.0
20,AW,Aruba,ABW,0,2194267.350280413,5104490349.190058,121592647.23842642,384232765.2734275,0.38423276527342753,5.104490349190058,2.1942673502804126,12.5,-69.9667
21,AZ,"Azerbaijan, Republic of",AZE,0,3105886.9078628644,5993079764.555931,138224044.23483405,436787979.7820756,0.43678797978207556,5.99307976455593,3.1058869078628644,40.5,47.5
22,AZ,"Azerbaijan, Republic of",AZE,1,1374095.5112099447,432411788.1128806,19377469.830022704,61232804.662871756,0.06123280466287175,0.4324117881128806,1.3740955112099447,40.5,47.5
23,BA,Bosnia and Herzegovina,BIH,0,1188594.57181695,1520257926.7899687,35176685.87631327,111158327.36914994,0.11115832736914993,1.5202579267899687,1.18859457181695,44.0,18.0
24,BA,Bosnia and Herzegovina,BIH,1,10374.766686716799,1085173.3506730713,102628.94978977456,324307.4813356876,0.0003243074813356876,0.0010851733506730714,0.010374766686716797,44.0,18.0
25,BB,Barbados,BRB,0,1406392.7787439416,4942315822.296135,120146809.12441164,379663916.8331408,0.3796639168331408,4.942315822296136,1.4063927787439414,13.1667,-59.5333
26,BD,"Bangladesh, People's Republic of",BGD,0,5700627.745197179,18162109399.58189,422882392.1175764,1336308359.0915415,1.3363083590915417,18.16210939958189,5.700627745197179,24.0,90.0
27,BD,"Bangladesh, People's Republic of",BGD,1,1675104.2741374013,484438458.8546335,24470903.79990201,77328056.00769037,0.07732805600769037,0.4844384588546335,1.6751042741374012,24.0,90.0
28,BE,"Belgium, Kingdom of",BEL,0,22163487.75067177,46530625055.71799,1106086137.5446315,3495232194.6410356,3.495232194641036,46.530625055717984,22.16348775067177,50.8333,4.0
29,BE,"Belgium, Kingdom of",BEL,1,48560.414129364995,3681960.260408129,402693.51536791684,1272511.5085626172,0.0012725115085626172,0.003681960260408129,0.048560414129365,50.8333,4.0
30,BF,Burkina Faso,BFA,0,563427.8721433723,1192800089.3617322,28953105.203485668,91491812.44301471,0.09149181244301471,1.1928000893617323,0.5634278721433723,13.0,-2.0
31,BF,Burkina Faso,BFA,1,24027.656,8033959.47680416,369334.3785559581,1167096.6362368274,0.0011670966362368274,0.008033959476804159,0.024027655999999998,13.0,-2.0
32,BG,"Bulgaria, Republic of",BGR,0,6529230.077450751,10229660959.37251,230078443.2068641,727047880.5336906,0.7270478805336906,10.229660959372511,6.529230077450751,43.0,25.0
33,BG,"Bulgaria, Republic of",BGR,1,385403.10960258014,125314572.36508006,5428138.09701641,17152916.386571854,0.017152916386571855,0.12531457236508006,0.3854031096025802,43.0,25.0
34,BH,"Bahrain, Kingdom of",BHR,0,6877143.412032516,12440908889.473948,299151989.0236613,945320285.3147699,0.9453202853147699,12.440908889473947,6.877143412032516,26.0,50.55
35,BH,"Bahrain, Kingdom of",BHR,1,98405.10970944866,0.0,0.0,0.0,0.0,0.0,0.09840510970944867,26.0,50.55
36,BI,"Burundi, Republic of",BDI,0,146189.48830154797,176944120.78866792,4828429.778055292,15257838.098654723,0.015257838098654723,0.17694412078866792,0.146189488301548,-3.5,30.0
37,BJ,"Benin, Republic of",BEN,0,488681.140889259,1070482082.5541328,25985368.90813771,82113765.74971516,0.08211376574971516,1.0704820825541328,0.48868114088925896,9.5,2.25
38,BJ,"Benin, Republic of",BEN,1,21626.922,7196695.133029748,331837.35781746946,1048606.0507032035,0.0010486060507032035,0.007196695133029748,0.021626922,9.5,2.25
39,BL,Saint Barthelemy,BLM,0,178201.9394999999,10599668.076665713,1978839.6428055125,6253133.27126542,0.006253133271265419,0.010599668076665713,0.1782019394999999,,
40,BM,Bermuda,BMU,0,600379.8426192715,1225937761.7425401,29900917.290943976,94486898.63938299,0.09448689863938299,1.22593776174254,0.6003798426192715,32.3333,-64.75
41,BN,Brunei Darussalam,BRN,0,1339371.7154210424,3606027684.0376463,83985101.37995338,265392920.36065271,0.2653929203606527,3.606027684037646,1.3393717154210425,4.5,114.6667
42,BO,"Bolivia, Republic of",BOL,0,1071779.3241360928,3215745751.9885135,78706271.8384911,248711819.0096319,0.2487118190096319,3.2157457519885138,1.071779324136093,-17.0,-65.0
43,BO,"Bolivia, Republic of",BOL,1,959918.741,418516417.1714703,16480692.811321864,52078989.283777095,0.05207898928377709,0.4185164171714703,0.959918741,-17.0,-65.0
44,BQ,"Bonaire, Sint Eustatius and Saba",BES,0,335292.1100425489,778941561.2107438,19945854.856456608,63028901.34640288,0.06302890134640288,0.7789415612107438,0.3352921100425489,,
45,BQ,"Bonaire, Sint Eustatius and Saba",BES,1,22911.074,9418423.583692856,386011.5291319464,1219796.4320569506,0.0012197964320569505,0.009418423583692855,0.022911074000000003,,
46,BR,"Brazil, Federative Republic of",BRA,0,14589514.028267846,84143621962.53685,2097317453.7245958,6627523153.769723,6.627523153769723,84.14362196253686,14.589514028267844,-10.0,-55.0
47,BR,"Brazil, Federative Republic of",BRA,1,121242250.40685496,118901005979.33472,3307697687.8819094,10452324693.706833,10.452324693706833,118.90100597933471,121.24225040685496,-10.0,-55.0
48,BS,"Bahamas, Commonwealth of the",BHS,0,2494398.8248180635,2841744797.549017,78524920.59552503,248138749.0818591,0.24813874908185912,2.841744797549017,2.4943988248180635,24.25,-76.0
49,BS,"Bahamas, Commonwealth of the",BHS,1,1080136.0347,193916119.98423856,13765545.296064591,43499123.1355641,0.04349912313556411,0.19391611998423858,1.0801360347,24.25,-76.0
50,BT,"Bhutan, Kingdom of",BTN,0,313182.7404999997,339419704.55215573,9168590.75383661,28972746.782123685,0.028972746782123686,0.33941970455215575,0.31318274049999967,27.5,90.5
51,BT,"Bhutan, Kingdom of",BTN,1,132016.728,20273778.4114568,1622790.734899971,5128018.722283908,0.005128018722283908,0.020273778411456802,0.132016728,27.5,90.5
52,BW,"Botswana, Republic of",BWA,0,434379.09293243196,305767353.9828386,9769594.879577449,30871919.81946474,0.03087191981946474,0.3057673539828386,0.43437909293243193,-22.0,24.0
53,BW,"Botswana, Republic of",BWA,1,179190.5691469179,71664802.32527514,2961063.2078332985,9356959.736753225,0.009356959736753226,0.07166480232527514,0.17919056914691792,-22.0,24.0
54,BY,"Belarus, Republic of",BLR,0,3299203.0108268266,4146276564.1007366,110146164.40686354,348061879.5256888,0.34806187952568884,4.146276564100736,3.299203010826827,53.0,28.0
55,BY,"Belarus, Republic of",BLR,1,1236.5201076084709,0.0,0.0,0.0,0.0,0.0,0.0012365201076084708,53.0,28.0
56,BZ,Belize,BLZ,0,557988.6209999999,897601113.3545545,21199387.11007959,66990063.26785152,0.06699006326785151,0.8976011133545546,0.5579886209999999,17.25,-88.75
57,BZ,Belize,BLZ,1,372137.3379,35431358.307421446,4209789.380757057,13302934.443192301,0.013302934443192301,0.035431358307421446,0.3721373379,17.25,-88.75
58,CA,Canada,CAN,0,41249157.30324441,168741029851.27136,4161747934.289691,13151123472.355425,13.151123472355424,168.74102985127138,41.24915730324441,60.0,-95.0
59,CA,Canada,CAN,1,47770732.46682339,70394885865.32036,1776475732.867629,5613663315.861708,5.613663315861708,70.39488586532036,47.77073246682339,60.0,-95.0
60,CC,Cocos (Keeling) Islands,CCK,0,8735.328,25646408.52692639,580478.0935290783,1834310.7755518877,0.0018343107755518877,0.02564640852692639,0.008735327999999999,-12.5,96.8333
61,CD,"Congo, Democratic Republic of the",COD,0,686184.4643244653,2027825565.9680295,47470120.47250481,150005580.6931152,0.1500055806931152,2.0278255659680293,0.6861844643244652,0.0,25.0
62,CD,"Congo, Democratic Republic of the",COD,1,291319.8623,176313960.62347904,5891194.759480116,18616175.439957168,0.018616175439957167,0.17631396062347904,0.2913198623,0.0,25.0
63,CF,Central African Republic,CAF,0,117598.24547467065,276519538.49548197,6555764.70879199,20716216.47978269,0.02071621647978269,0.27651953849548194,0.11759824547467064,7.0,21.0
64,CG,"Congo, Republic of the",COG,0,371573.8565979266,1158641881.4077606,28164300.298001595,88999188.94168504,0.08899918894168504,1.1586418814077606,0.3715738565979266,-1.0,15.0
65,CG,"Congo, Republic of the",COG,1,373634.2343,147166308.88459182,6128962.742862653,19367522.267445985,0.019367522267445984,0.1471663088845918,0.3736342343,-1.0,15.0
66,CH,"Switzerland, Swiss Confederation",CHE,0,30045572.346115027,63674224921.99858,1643183901.9083507,5192461130.030389,5.192461130030389,63.67422492199859,30.045572346115026,47.0,8.0
67,CH,"Switzerland, Swiss Confederation",CHE,1,987552.1969846545,224496618.3132218,11208942.532528298,35420258.402789414,0.035420258402789416,0.22449661831322182,0.9875521969846546,47.0,8.0
68,CI,"Cote d'Ivoire, Republic of",CIV,0,1715096.5002635357,4530175504.587093,108862170.68321167,344004459.3589489,0.34400445935894886,4.530175504587094,1.7150965002635357,8.0,-5.0
69,CK,Cook Islands,COK,0,210564.2799999995,710615549.0387672,16039585.89770719,50685091.43675472,0.050685091436754724,0.7106155490387672,0.2105642799999995,-21.2333,-159.7667
70,CK,Cook Islands,COK,1,35987.1814,14787552.950617447,605415.0970846869,1913111.7067876102,0.00191311170678761,0.014787552950617448,0.0359871814,-21.2333,-159.7667
71,CL,"Chile, Republic of",CHL,0,6909392.7350085415,30410524188.934383,741813193.2359552,2344129690.6256185,2.3441296906256186,30.41052418893438,6.909392735008542,-30.0,-71.0
72,CL,"Chile, Republic of",CHL,1,15107040.689013634,15175894682.540129,417532605.79394627,1319403034.3088703,1.3194030343088703,15.175894682540129,15.107040689013633,-30.0,-71.0
73,CM,"Cameroon, Republic of",CMR,0,958515.2286116728,2753591465.067219,66057175.14185895,208740673.4482743,0.20874067344827432,2.753591465067219,0.9585152286116728,6.0,12.0
74,CM,"Cameroon, Republic of",CMR,1,280199.88,175723582.01480222,5756064.375960034,18189163.42803371,0.01818916342803371,0.1757235820148022,0.28019987999999996,6.0,12.0
75,CN,"China, People's Republic of",CHN,0,109162982.6184769,381490430857.56165,9343293732.981232,29524808196.220695,29.524808196220697,381.49043085756165,109.16298261847689,35.0,105.0
76,CN,"China, People's Republic of",CHN,1,709127234.5204648,890946707508.9874,22972730866.514164,72593829538.18477,72.59382953818476,890.9467075089874,709.1272345204648,35.0,105.0
77,CO,"Colombia, Republic of",COL,0,9429168.572529152,29138754156.736706,678367974.9623836,2143642800.8811326,2.1436428008811323,29.138754156736706,9.429168572529152,4.0,-72.0
78,CO,"Colombia, Republic of",COL,1,35820837.890040085,17519686417.264183,649654170.3994874,2052907178.4623802,2.0529071784623802,17.519686417264182,35.82083789004009,4.0,-72.0
79,CR,"Costa Rica, Republic of",CRI,0,3932655.565347433,10475766617.56224,249940321.38551626,789811415.5782315,0.7898114155782314,10.475766617562241,3.932655565347433,10.0,-84.0
80,CR,"Costa Rica, Republic of",CRI,1,316543.1819848502,43929192.022114396,3812200.5069694044,12046553.602023318,0.012046553602023318,0.0439291920221144,0.3165431819848502,10.0,-84.0
81,CU,"Cuba, Republic of",CUB,0,5472231.459491152,15984483907.064793,397780955.32361466,1256987818.8226223,1.2569878188226222,15.984483907064792,5.4722314594911525,21.5,-80.0
82,CU,"Cuba, Republic of",CUB,1,269691.031,193566322.10977268,5971747.848016389,18870723.19973179,0.01887072319973179,0.19356632210977265,0.26969103099999997,21.5,-80.0
83,CV,"Cape Verde, Republic of",CPV,0,1223230.0881044364,4560317329.041359,100135643.13801318,316428632.3161217,0.31642863231612167,4.560317329041359,1.2232300881044365,16.0,-24.0
84,CV,"Cape Verde, Republic of",CPV,1,389988.50649510266,66761109.271177776,4911784.166196625,15521237.965181334,0.015521237965181334,0.06676110927117777,0.38998850649510264,16.0,-24.0
85,CW,CuraÃ§ao,CUW,0,927813.8126705902,2744102068.306443,74083288.76987995,234103192.51282063,0.23410319251282063,2.7441020683064434,0.9278138126705903,,
86,CX,Christmas Island,CXR,0,12548.367999999944,31703320.2368421,723667.9857312628,2286790.834910791,0.0022867908349107906,0.0317033202368421,0.012548367999999945,-10.5,105.6667
87,CY,"Cyprus, Republic of",CYP,0,8628548.137541994,14727111423.088663,338403419.9115992,1069354806.9206537,1.0693548069206535,14.727111423088662,8.628548137541994,35.0,33.0
88,CY,"Cyprus, Republic of",CYP,1,2178.8486515985364,122038.26977806202,7856.81600551006,24827.53857741179,2.482753857741179e-05,0.00012203826977806202,0.002178848651598536,35.0,33.0
89,CZ,Czech Republic,CZE,0,12239265.522833744,19389934345.929222,459262019.73971945,1451267982.3775136,1.4512679823775136,19.389934345929223,12.239265522833744,49.75,15.5
90,CZ,Czech Republic,CZE,1,73310.69703749397,11383554.919928338,691653.2554539694,2185624.2872345434,0.002185624287234543,0.011383554919928337,0.07331069703749397,49.75,15.5
91,DE,"Germany, Federal Republic of",DEU,0,123162693.91977671,294200251815.19116,7399811602.137334,23383404662.753975,23.383404662753975,294.20025181519117,123.16269391977671,51.0,9.0
92,DE,"Germany, Federal Republic of",DEU,1,34552262.4422106,14760753519.528368,520296541.56502974,1644137071.345494,1.6441370713454941,14.760753519528368,34.552262442210605,51.0,9.0
93,DJ,"Djibouti, Republic of",DJI,0,340089.5970242304,603451343.2654828,14799739.920527626,46767178.148867294,0.04676717814886729,0.6034513432654828,0.34008959702423036,11.5,43.0
94,DK,"Denmark, Kingdom of",DNK,0,20936973.314420175,36123077698.304985,893388496.0812225,2823107647.6166635,2.823107647616663,36.12307769830499,20.936973314420175,56.0,10.0
95,DK,"Denmark, Kingdom of",DNK,1,2717301.0965729165,570022370.6626744,24527927.7584855,77508251.71681418,0.07750825171681418,0.5700223706626745,2.7173010965729167,56.0,10.0
96,DM,"Dominica, Commonwealth of",DMA,0,92896.91899999969,28815266.079511203,1491580.4775262657,4713394.308983,0.004713394308983,0.028815266079511202,0.0928969189999997,15.4167,-61.3333
97,DO,Dominican Republic,DOM,0,8484095.768713549,25721415231.91274,586523245.1434116,1853413454.6531808,1.8534134546531806,25.72141523191274,8.484095768713548,19.0,-70.6667
98,DO,Dominican Republic,DOM,1,111883.0765,15385020.801326182,1344805.5103280488,4249585.412636635,0.004249585412636635,0.015385020801326182,0.1118830765,19.0,-70.6667
99,DZ,"Algeria, People's Democratic Republic of",DZA,0,6594814.806830239,11838749799.769827,286360980.9101838,904900699.6761808,0.9049006996761808,11.838749799769827,6.594814806830239,28.0,3.0
100,DZ,"Algeria, People's Democratic Republic of",DZA,1,4201080.917688864,2511374990.7638097,84242135.1254655,266205146.99647096,0.26620514699647096,2.5113749907638097,4.201080917688865,28.0,3.0
101,EC,"Ecuador, Republic of",ECU,0,2881978.3203563653,8494779339.5217905,215779649.3901797,681863692.0729679,0.6818636920729679,8.49477933952179,2.881978320356365,-2.0,-77.5
102,EC,"Ecuador, Republic of",ECU,1,3102448.341656581,1291936236.416832,52439453.54678148,165708673.20782948,0.16570867320782948,1.291936236416832,3.102448341656581,-2.0,-77.5
103,EE,"Estonia, Republic of",EST,0,2033598.2236622006,2345456787.3486724,59259238.28469157,187259192.97962537,0.18725919297962537,2.3454567873486725,2.0335982236622008,59.0,26.0
104,EE,"Estonia, Republic of",EST,1,81079.8773178026,12994468.166050442,995620.2272850306,3146159.918220697,0.003146159918220697,0.012994468166050443,0.08107987731780258,59.0,26.0
105,EG,"Egypt, Arab Republic of",EGY,0,20930058.477773216,49784423417.87076,1122151139.4706638,3545997600.727298,3.5459976007272975,49.784423417870755,20.930058477773215,27.0,30.0
106,EG,"Egypt, Arab Republic of",EGY,1,6345066.702112146,2184325334.037382,98730853.94252601,311989498.4583822,0.3119894984583822,2.184325334037382,6.345066702112145,27.0,30.0
107,EH,Western Sahara,ESH,0,399106.4144539645,395152159.70277077,9421536.865302283,29772056.494355217,0.029772056494355215,0.3951521597027708,0.39910641445396444,24.5,-13.0
108,EH,Western Sahara,ESH,1,47135.39773104824,22008082.35701702,665224.8387250677,2102110.4903712138,0.002102110490371214,0.022008082357017022,0.04713539773104824,24.5,-13.0
109,ER,"Eritrea, State of",ERI,0,318450.60350213846,414918826.7785096,10475216.433286231,33101683.929184496,0.03310168392918449,0.4149188267785096,0.31845060350213844,15.0,39.0
110,ER,"Eritrea, State of",ERI,1,24225.07,11434844.183021901,430232.3386060034,1359534.1899949706,0.0013595341899949706,0.011434844183021901,0.02422507,15.0,39.0
111,ES,"Spain, Kingdom of",ESP,0,101549077.77736904,241610663690.98962,5524200814.281002,17456474573.127968,17.456474573127966,241.61066369098964,101.54907777736904,40.0,-4.0
112,ES,"Spain, Kingdom of",ESP,1,53999665.732350715,39183123292.443954,1046068736.9933568,3305577208.899008,3.305577208899008,39.18312329244395,53.99966573235072,40.0,-4.0
113,ET,"Ethiopia, Federal Democratic Republic of",ETH,0,8333042.753312297,34676702526.59972,817008393.0031866,2581746521.8900695,2.5817465218900697,34.67670252659971,8.333042753312297,8.0,38.0
114,ET,"Ethiopia, Federal Democratic Republic of",ETH,1,1274095.5988,530622633.341927,21413090.384318262,67665365.61444572,0.06766536561444572,0.530622633341927,1.2740955988,8.0,38.0
115,FI,"Finland, Republic of",FIN,0,12809797.048487134,33533136648.45238,769561277.73517,2431813637.643137,2.4318136376431374,33.533136648452384,12.809797048487134,64.0,26.0
116,FI,"Finland, Republic of",FIN,1,4630448.468572277,2404896108.8322678,71105398.80173045,224693060.21346825,0.22469306021346827,2.4048961088322676,4.630448468572276,64.0,26.0
117,FJ,"Fiji, Republic of the Fiji Islands",FJI,0,1373101.6554999973,5269560439.706554,124964206.74308008,394886893.30813307,0.3948868933081331,5.269560439706553,1.3731016554999975,-18.0,175.0
118,FJ,"Fiji, Republic of the Fiji Islands",FJI,1,457721.0586,133533247.95058857,6714007.809483203,21216264.677966923,0.021216264677966924,0.13353324795058857,0.4577210586,-18.0,175.0
119,FK,Falkland Islands (Malvinas),FLK,0,32933.034499999885,267740831.78176326,7081267.12070629,22376804.101431876,0.022376804101431877,0.2677408317817632,0.03293303449999989,-51.75,-59.0
120,FM,"Micronesia, Federated States of",FSM,0,91698.89249999994,138664496.86326456,3444998.916782071,10886196.577031344,0.010886196577031344,0.13866449686326454,0.09169889249999995,6.9167,158.25
121,FM,"Micronesia, Federated States of",FSM,1,39254.3505,36399974.64417622,1026453.4816992194,3243593.0021695336,0.003243593002169533,0.03639997464417623,0.0392543505,6.9167,158.25
122,FO,Faroe Islands,FRO,0,285262.91023827175,370897424.45307887,8026164.524918167,25362679.898741413,0.02536267989874141,0.3708974244530789,0.2852629102382717,62.0,-7.0
123,FO,Faroe Islands,FRO,1,408.72038678485086,0.0,0.0,0.0,0.0,0.0,0.00040872038678485084,62.0,-7.0
124,FR,"France, French Republic",FRA,0,84340176.79334791,224041395759.3493,5561771909.015621,17575199232.48936,17.575199232489364,224.0413957593493,84.34017679334791,46.0,2.0
125,FR,"France, French Republic",FRA,1,32995737.103609905,19624121612.990166,619349538.8953198,1957144542.9092107,1.9571445429092107,19.624121612990166,32.995737103609905,46.0,2.0
126,GA,"Gabon, Gabonese Republic",GAB,0,493623.75245705515,1242598926.0362027,29237037.759356536,92389039.31956665,0.09238903931956666,1.2425989260362025,0.49362375245705514,-1.0,11.75
127,GA,"Gabon, Gabonese Republic",GAB,1,196173.572,68457307.68653521,3066490.492320543,9690109.955732917,0.009690109955732917,0.06845730768653521,0.196173572,-1.0,11.75
128,GB,United Kingdom of Great Britain & Northern Ireland,GBR,0,146112693.11254475,417132274444.95245,10264113615.689518,32434599025.57888,32.43459902557888,417.13227444495243,146.11269311254475,54.0,-2.0
129,GB,United Kingdom of Great Britain & Northern Ireland,GBR,1,24786559.725612517,11025789875.026672,378503824.60073763,1196072085.738331,1.1960720857383311,11.025789875026673,24.78655972561252,54.0,-2.0
130,GD,Grenada,GRD,0,303786.2902079644,637346140.6964452,15860271.656813338,50118458.43553015,0.05011845843553015,0.6373461406964452,0.3037862902079644,12.1167,-61.6667
131,GD,Grenada,GRD,1,5577.5767,347782.63256495685,60009.90939463824,189631.3136870568,0.0001896313136870568,0.00034778263256495683,0.0055775767,12.1167,-61.6667
132,GE,Georgia,GEO,0,3412999.3426036867,6012352827.442485,135089957.42950252,426884265.4772279,0.42688426547722796,6.012352827442485,3.4129993426036864,42.0,43.5
133,GE,Georgia,GEO,1,34161.94040772638,9231161.483939184,430923.44011736655,1361718.0707708783,0.0013617180707708783,0.009231161483939184,0.03416194040772638,42.0,43.5
134,GF,French Guiana,GUF,0,204034.87777284422,1373364156.751601,33438979.584906776,105667175.48830542,0.10566717548830541,1.3733641567516008,0.2040348777728442,4.0,-53.0
135,GG,"Guernsey, Bailiwick of",GGY,0,687712.9038869045,149951209.79177374,5817439.213905933,18383107.91594275,0.01838310791594275,0.14995120979177373,0.6877129038869045,49.5,-2.56
136,GG,"Guernsey, Bailiwick of",GGY,1,7437.449149170402,242551.89754909664,61327.15157717853,193793.79898388416,0.00019379379898388417,0.00024255189754909665,0.007437449149170401,49.5,-2.56
137,GH,"Ghana, Republic of",GHA,0,1700140.2632277943,6075856316.146871,155110188.66432938,490148196.1792809,0.4901481961792809,6.07585631614687,1.7001402632277942,8.0,-2.0
138,GH,"Ghana, Republic of",GHA,1,523947.91161954444,144079663.34214097,7525895.01161075,23781828.23668997,0.02378182823668997,0.14407966334214095,0.5239479116195445,8.0,-2.0
139,GI,Gibraltar,GIB,0,269939.43492257845,455240239.7226876,9441494.416669823,29835122.35667664,0.02983512235667664,0.45524023972268757,0.26993943492257844,36.1833,-5.3667
140,GL,Greenland,GRL,0,104721.49774223614,304177609.7908529,7550605.779417901,23859914.262960568,0.02385991426296057,0.30417760979085295,0.10472149774223613,72.0,-40.0
141,GL,Greenland,GRL,1,257907.03444,85216881.77059528,3957619.318697384,12506077.047083735,0.012506077047083735,0.08521688177059528,0.25790703444,72.0,-40.0
142,GM,"Gambia, Republic of the",GMB,0,357634.80487386935,1029703199.4550366,23053431.040576003,72848842.08822016,0.07284884208822016,1.0297031994550365,0.35763480487386934,13.4667,-16.5667
143,GN,"Guinea, Republic of",GIN,0,438927.1028321483,1191006340.0578094,28306991.925408944,89450094.48429227,0.08945009448429227,1.1910063400578095,0.4389271028321483,11.0,-10.0
144,GP,Guadeloupe,GLP,0,952864.7610373794,4853927134.187846,120890229.8185255,382013126.22654057,0.38201312622654054,4.853927134187846,0.9528647610373795,16.25,-61.5833
145,GQ,"Equatorial Guinea, Republic of",GNQ,0,359538.0541730894,839443689.0141717,20345300.648453817,64291150.04911406,0.06429115004911407,0.8394436890141717,0.35953805417308937,2.0,10.0
146,GQ,"Equatorial Guinea, Republic of",GNQ,1,207314.5370589004,55769324.32478338,2956402.9329401487,9342233.26809087,0.00934223326809087,0.055769324324783376,0.2073145370589004,2.0,10.0
147,GR,"Greece, Hellenic Republic",GRC,0,26557523.30855031,53720697558.49786,1179095241.2129734,3725940962.232996,3.725940962232996,53.72069755849786,26.55752330855031,39.0,22.0
148,GR,"Greece, Hellenic Republic",GRC,1,11118756.897020057,3233685576.1203737,127402007.02512701,402590342.1994014,0.4025903421994014,3.233685576120374,11.118756897020058,39.0,22.0
149,GT,"Guatemala, Republic of",GTM,0,1940637.3530348772,3330542011.2484837,81942629.50872342,258938709.247566,0.258938709247566,3.330542011248484,1.9406373530348773,15.5,-90.25
150,GT,"Guatemala, Republic of",GTM,1,65447.3478,16746043.753922483,918023.3176995241,2900953.683930496,0.0029009536839304964,0.016746043753922482,0.0654473478,15.5,-90.25
151,GU,Guam,GUM,0,1743274.2729999998,4951735106.047552,113731064.92062186,359390165.14916503,0.35939016514916505,4.951735106047551,1.743274273,13.4667,144.7833
152,GW,"Guinea-Bissau, Republic of",GNB,0,123013.77354598508,233848392.3943295,5134794.136483093,16225949.471286573,0.016225949471286572,0.23384839239432947,0.12301377354598508,12.0,-15.0
153,GY,"Guyana, Co-operative Republic of",GUY,0,389346.15706521715,873427979.9132193,21542550.29793429,68074458.94147237,0.06807445894147236,0.8734279799132194,0.38934615706521714,5.0,-59.0
154,HK,"Hong Kong, Special Administrative Region of China",HKG,0,44760254.803500526,153812826713.25027,3953700447.211778,12493693413.18922,12.49369341318922,153.81282671325027,44.76025480350052,22.25,114.1667
155,HK,"Hong Kong, Special Administrative Region of China",HKG,1,2080.082474226804,0.0,0.0,0.0,0.0,0.0,0.002080082474226804,22.25,114.1667
156,HN,"Honduras, Republic of",HND,0,1253593.9073621756,1740047690.6611524,44110205.868321195,139388250.543895,0.139388250543895,1.7400476906611524,1.2535939073621758,15.0,-86.5
157,HN,"Honduras, Republic of",HND,1,149859.4542,28207713.035078507,1930863.181935174,6101527.654915149,0.00610152765491515,0.02820771303507851,0.1498594542,15.0,-86.5
158,HR,"Croatia, Republic of",HRV,0,5949675.168159527,7999879783.286559,191315522.5238955,604557051.1755098,0.6045570511755097,7.999879783286559,5.949675168159527,45.1667,15.5
159,HR,"Croatia, Republic of",HRV,1,949441.5798202816,280425520.5961594,11710799.561574249,37006126.614574626,0.03700612661457463,0.2804255205961594,0.9494415798202817,45.1667,15.5
160,HT,"Haiti, Republic of",HTI,0,893830.7142272061,1297981318.826944,31568688.13756124,99757054.51469353,0.09975705451469352,1.297981318826944,0.8938307142272061,19.0,-72.4167
161,HT,"Haiti, Republic of",HTI,1,32261.93,5521857.7345960755,406110.31485966186,1283308.5949565317,0.0012833085949565315,0.005521857734596076,0.03226193,19.0,-72.4167
162,HU,"Hungary, Republic of",HUN,0,9372939.254079094,13649139377.679556,311983571.4612985,985868085.8177032,0.9858680858177032,13.649139377679555,9.372939254079094,47.0,20.0
163,HU,"Hungary, Republic of",HUN,1,4229.349890006891,458125.2897472419,26373.046967393635,83338.8284169639,8.33388284169639e-05,0.0004581252897472419,0.004229349890006891,47.0,20.0
164,ID,"Indonesia, Republic of",IDN,0,24819431.420023117,77382241097.25446,1871333594.397797,5913414158.297039,5.913414158297039,77.38224109725445,24.81943142002312,-5.0,120.0
165,ID,"Indonesia, Republic of",IDN,1,86007926.78208163,73456577188.37129,2145344753.31474,6779289420.474578,6.779289420474578,73.4565771883713,86.00792678208164,-5.0,120.0
166,IE,Ireland,IRL,0,20897753.48749059,38172275760.5114,911023423.5133195,2878834018.3020897,2.8788340183020895,38.1722757605114,20.897753487490593,53.0,-8.0
167,IE,Ireland,IRL,1,131633.0370538358,31038670.766133677,995056.8032930678,3144379.4984060945,0.0031443794984060947,0.031038670766133675,0.13163303705383583,53.0,-8.0
168,IL,"Israel, State of",ISR,0,14214307.360170195,44737638322.45803,989148545.5747464,3125709404.0161986,3.125709404016199,44.73763832245803,14.214307360170194,31.5,34.75
169,IL,"Israel, State of",ISR,1,933066.8401025201,240111359.2412522,9953248.477400163,31452265.188584518,0.031452265188584516,0.2401113592412522,0.9330668401025201,31.5,34.75
170,IM,Isle of Man,IMN,0,520557.4071982192,130891637.78501071,5705024.938744763,18027878.806433454,0.018027878806433455,0.1308916377850107,0.5205574071982192,54.23,-4.55
171,IN,"India, Republic of",IND,0,40942441.585348316,138863837841.04453,3273735430.7717595,10345003961.23876,10.34500396123876,138.86383784104453,40.94244158534832,20.0,77.0
172,IN,"India, Republic of",IND,1,138115800.90297762,133959835361.61157,3629082488.198089,11467900662.705963,11.467900662705963,133.95983536161157,138.1158009029776,20.0,77.0
173,IQ,"Iraq, Republic of",IRQ,0,5605276.505866906,7518712309.698735,187050710.29868826,591080244.543855,0.5910802445438549,7.518712309698735,5.605276505866906,33.0,44.0
174,IQ,"Iraq, Republic of",IRQ,1,433488.39749075426,158780063.53097337,6913473.546885834,21846576.40815924,0.02184657640815924,0.1587800635309734,0.43348839749075424,33.0,44.0
175,IR,"Iran, Islamic Republic of",IRN,0,5586753.1022516675,10684499064.552427,266773811.7220032,843005245.0415301,0.8430052450415302,10.684499064552426,5.586753102251667,32.0,53.0
176,IR,"Iran, Islamic Republic of",IRN,1,28028071.904735755,22593978529.957657,666671526.6860827,2106682024.3280215,2.1066820243280215,22.593978529957656,28.028071904735754,32.0,53.0
177,IS,"Iceland, Republic of",ISL,0,4088932.745190853,12053160111.094255,284532398.9543649,899122380.6957932,0.8991223806957932,12.053160111094254,4.088932745190853,65.0,-18.0
178,IS,"Iceland, Republic of",ISL,1,402768.501669082,111071866.60464902,5782674.62745626,18273251.82276178,0.018273251822761783,0.11107186660464902,0.40276850166908196,65.0,-18.0
179,IT,"Italy, Italian Republic",ITA,0,75148679.10574007,146183656236.46924,3549535907.9763193,11216533469.20517,11.216533469205169,146.18365623646923,75.14867910574007,42.8333,12.8333
180,IT,"Italy, Italian Republic",ITA,1,41162457.74658101,26023725355.929966,774022435.1068459,2445910894.937633,2.445910894937633,26.023725355929965,41.16245774658101,42.8333,12.8333
181,JE,"Jersey, Bailiwick of",JEY,0,1145234.2638975123,352874471.6949929,13804259.814964952,43621461.015289254,0.04362146101528925,0.3528744716949929,1.1452342638975124,49.21,-2.13
182,JE,"Jersey, Bailiwick of",JEY,1,982.3423134387042,0.0,0.0,0.0,0.0,0.0,0.0009823423134387042,49.21,-2.13
183,JM,Jamaica,JAM,0,3709035.8553064284,9103117644.3054,209994720.02027804,663583315.2640786,0.6635833152640787,9.103117644305401,3.709035855306428,18.25,-77.5
184,JM,Jamaica,JAM,1,33556.895,4518930.737231266,401716.6943906782,1269424.7542745431,0.0012694247542745431,0.004518930737231266,0.033556894999999996,18.25,-77.5
185,JO,"Jordan, Hashemite Kingdom of",JOR,0,6391979.136569505,12416402736.493013,291175064.48196965,920113203.7630241,0.9201132037630241,12.416402736493014,6.391979136569505,31.0,36.0
186,JO,"Jordan, Hashemite Kingdom of",JOR,1,29525.812636604776,7247647.808906027,401488.79502640263,1268704.5922834326,0.0012687045922834326,0.0072476478089060275,0.029525812636604774,31.0,36.0
187,JP,Japan,JPN,0,64916800.00630227,236995711425.78668,5892485898.504629,18620255439.274628,18.62025543927463,236.99571142578668,64.91680000630227,36.0,138.0
188,JP,Japan,JPN,1,123179308.79910597,101180902026.17172,2971051379.231359,9388522358.371094,9.388522358371095,101.18090202617172,123.17930879910597,36.0,138.0
189,KE,"Kenya, Republic of",KEN,0,5127478.659697037,17340008618.459824,411931933.12652695,1301704908.6798253,1.3017049086798254,17.340008618459823,5.1274786596970365,1.0,38.0
190,KE,"Kenya, Republic of",KEN,1,2125378.3524156515,827213460.382745,34701902.4485522,109658011.73742495,0.10965801173742495,0.827213460382745,2.1253783524156518,1.0,38.0
191,KG,Kyrgyz Republic,KGZ,0,1417501.9529999988,3632463187.4818172,83949403.48349343,265280115.00783926,0.26528011500783927,3.632463187481817,1.4175019529999988,41.0,75.0
192,KG,Kyrgyz Republic,KGZ,1,1163168.0993,355616108.9262354,17306908.052579466,54689829.44615112,0.054689829446151125,0.35561610892623535,1.1631680992999998,41.0,75.0
193,KH,"Cambodia, Kingdom of",KHM,0,7595806.532318289,11913613307.44558,297283928.9508741,939417215.4847622,0.9394172154847621,11.91361330744558,7.5958065323182895,13.0,105.0
194,KH,"Cambodia, Kingdom of",KHM,1,180404.61800000002,41167686.612415485,2445622.431915757,7728166.884853791,0.007728166884853792,0.04116768661241549,0.180404618,13.0,105.0
195,KI,"Kiribati, Republic of",KIR,0,45281.13749999999,87951612.39005531,2157568.1863120385,6817915.468746043,0.006817915468746044,0.08795161239005532,0.04528113749999999,1.4167,173.0
196,KI,"Kiribati, Republic of",KIR,1,120797.6282,21115936.428177487,1529674.9179024692,4833772.7405718025,0.004833772740571803,0.02111593642817749,0.1207976282,1.4167,173.0
197,KM,"Comoros, Union of the",COM,0,236882.94349999964,282477142.5425984,7530156.463827687,23795294.425695498,0.023795294425695494,0.28247714254259837,0.23688294349999964,-12.1667,44.25
198,KM,"Comoros, Union of the",COM,1,26794.6483,3101030.255364853,312256.3294598942,986730.0010932658,0.0009867300010932658,0.003101030255364853,0.0267946483,-12.1667,44.25
199,KN,"Saint Kitts and Nevis, Federation of",KNA,0,249438.19099999993,431074831.1041188,10574266.859596258,33414683.276324175,0.03341468327632418,0.43107483110411887,0.24943819099999995,17.3333,-62.75
200,KN,"Saint Kitts and Nevis, Federation of",KNA,1,3311.8044,59604.70954466959,33186.53701829639,104869.45697781659,0.00010486945697781659,5.960470954466959e-05,0.0033118044,17.3333,-62.75
201,KP,"Korea, Democratic People's Republic of",PRK,0,89398.45599999989,61100054.60145681,1925460.4880723215,6084455.142308536,0.0060844551423085355,0.061100054601456816,0.08939845599999989,40.0,127.0
202,KR,"Korea, Republic of",KOR,0,54161273.24919659,156184768235.42697,3953295753.264367,12492414580.315401,12.492414580315401,156.18476823542696,54.16127324919659,37.0,127.5
203,KR,"Korea, Republic of",KOR,1,25429093.355779562,7476166661.8052435,370043302.8266634,1169336836.9322565,1.1693368369322565,7.476166661805244,25.429093355779564,37.0,127.5
204,KW,"Kuwait, State of",KWT,0,11145160.33643466,21603858972.162514,536059095.5606356,1693946741.9716086,1.6939467419716085,21.603858972162513,11.145160336434662,29.3375,47.6581
205,KY,Cayman Islands,CYM,0,895006.4384999999,1461342971.1039119,37698602.765866645,119127584.7401386,0.11912758474013861,1.4613429711039119,0.8950064384999998,19.5,-80.5
206,KY,Cayman Islands,CYM,1,84228.734,13549520.304588972,1045522.9589670922,3303852.5503360117,0.0033038525503360115,0.013549520304588971,0.084228734,19.5,-80.5
207,KZ,"Kazakhstan, Republic of",KAZ,0,4096384.1618095087,11604263420.996826,268124056.00606543,847272016.9791669,0.8472720169791669,11.604263420996826,4.0963841618095085,48.0,68.0
208,KZ,"Kazakhstan, Republic of",KAZ,1,6113423.354472764,6631190766.43967,177327639.82748514,560355341.8548532,0.5603553418548531,6.63119076643967,6.113423354472764,48.0,68.0
209,LA,Lao People's Democratic Republic,LAO,0,1799917.3674999976,2023099061.5230372,54690062.143031985,172820596.37198108,0.17282059637198108,2.023099061523037,1.7999173674999975,18.0,105.0
210,LA,Lao People's Democratic Republic,LAO,1,125073.767,39047785.060165055,1878002.8456496634,5934488.992252937,0.005934488992252936,0.039047785060165055,0.125073767,18.0,105.0
211,LB,"Lebanon, Lebanese Republic",LBN,0,5683689.889593302,9945588660.809513,239404606.85978135,756518557.6769092,0.7565185576769091,9.945588660809513,5.683689889593302,33.8333,35.8333
212,LB,"Lebanon, Lebanese Republic",LBN,1,148.24519940915803,0.0,0.0,0.0,0.0,0.0,0.00014824519940915802,33.8333,35.8333
213,LC,Saint Lucia,LCA,0,718879.0836625709,2248817392.874929,55214182.845612936,174476817.79213688,0.1744768177921369,2.248817392874929,0.7188790836625709,13.8833,-61.1333
214,LK,"Sri Lanka, Democratic Socialist Republic of",LKA,0,6489783.264262931,18621453824.352833,438535358.32936084,1385771732.3207803,1.3857717323207803,18.62145382435283,6.489783264262932,7.0,81.0
215,LK,"Sri Lanka, Democratic Socialist Republic of",LKA,1,935923.0223,209177077.5027054,12614685.64663395,39862406.64336328,0.03986240664336328,0.20917707750270542,0.9359230223,7.0,81.0
216,LR,"Liberia, Republic of",LBR,0,195041.12611156193,436118299.7861346,10632954.94290903,33600137.61959254,0.03360013761959254,0.43611829978613464,0.1950411261115619,6.5,-9.5
217,LS,"Lesotho, Kingdom of",LSO,0,42671.384,15982060.267328164,685495.9225664175,2166167.115309879,0.0021661671153098794,0.015982060267328162,0.042671384,-29.5,28.5
218,LT,"Lithuania, Republic of",LTU,0,3719729.667064496,4876894165.288448,115095710.24041562,363702444.3597134,0.36370244435971333,4.876894165288449,3.719729667064496,56.0,24.0
219,LT,"Lithuania, Republic of",LTU,1,2733.3475395432047,89505.76515304632,12341.638635628877,38999.578088587245,3.8999578088587244e-05,8.950576515304631e-05,0.0027333475395432045,56.0,24.0
220,LU,"Luxembourg, Grand Duchy of",LUX,0,3518260.575066475,5811853747.744882,151589440.64530396,479022632.4391605,0.47902263243916055,5.811853747744881,3.518260575066475,49.75,6.1667
221,LU,"Luxembourg, Grand Duchy of",LUX,1,2489.752109010661,0.0,0.0,0.0,0.0,0.0,0.002489752109010661,49.75,6.1667
222,LV,"Latvia, Republic of",LVA,0,4588262.833274012,5370064271.40521,135881750.75108993,429386332.3734442,0.4293863323734442,5.37006427140521,4.588262833274013,57.0,25.0
223,LV,"Latvia, Republic of",LVA,1,37319.4398895036,5899213.798068071,254750.59340216572,805011.8751508438,0.0008050118751508437,0.005899213798068071,0.0373194398895036,57.0,25.0
224,LY,Libyan Arab Jamahiriya,LBY,0,1331084.5205134756,1705920660.0681028,43625492.701210946,137856556.9358266,0.1378565569358266,1.705920660068103,1.3310845205134756,25.0,17.0
225,LY,Libyan Arab Jamahiriya,LBY,1,166833.711,121928888.26736991,3733962.3018180234,11799320.873744953,0.011799320873744953,0.12192888826736992,0.166833711,25.0,17.0
226,MA,"Morocco, Kingdom of",MAR,0,14476957.43953685,34651690690.80489,743832778.7596098,2350511580.8803673,2.350511580880367,34.65169069080489,14.47695743953685,32.0,-5.0
227,MA,"Morocco, Kingdom of",MAR,1,2053281.1976614473,702688929.9269466,25380416.472364757,80202116.05267264,0.08020211605267265,0.7026889299269466,2.0532811976614473,32.0,-5.0
228,MC,"Monaco, Principality of",MCO,0,137525.0869999995,2483219.2979540536,1378229.4341529428,4355205.011923299,0.004355205011923299,0.0024832192979540534,0.13752508699999952,43.7333,7.4
229,MD,"Moldova, Republic of",MDA,0,1850131.686206589,2447835340.40474,57429784.31141586,181478118.4240741,0.18147811842407413,2.4478353404047395,1.850131686206589,47.0,29.0
230,MD,"Moldova, Republic of",MDA,1,1223.4398535564853,0.0,0.0,0.0,0.0,0.0,0.0012234398535564855,47.0,29.0
231,ME,"Montenegro, Republic of",MNE,0,1590013.734228113,1955329416.1763756,47728446.3586066,150821890.49319687,0.15082189049319686,1.9553294161763755,1.590013734228113,42.0,19.0
232,ME,"Montenegro, Republic of",MNE,1,10505.105835025817,435564.1612548481,84900.7621104488,268286.4082690183,0.00026828640826901827,0.0004355641612548481,0.010505105835025817,42.0,19.0
233,MF,Saint Martin,MAF,0,234829.1014999999,78925129.77312575,3619547.2531264066,11437769.319879446,0.011437769319879446,0.07892512977312574,0.23482910149999991,,
234,MG,"Madagascar, Republic of",MDG,0,714294.4542421193,2482383813.9362583,64544213.34382823,203959714.1664972,0.20395971416649722,2.4823838139362584,0.7142944542421193,-20.0,47.0
235,MG,"Madagascar, Republic of",MDG,1,714368.6441861747,277791402.73709327,11671876.54086923,36883129.86914677,0.03688312986914677,0.2777914027370933,0.7143686441861747,-20.0,47.0
236,MH,"Marshall Islands, Republic of the",MHL,0,77294.19549999991,215748117.38249445,4835872.779573694,15281357.983452871,0.015281357983452872,0.21574811738249447,0.07729419549999991,9.0,168.0
237,MH,"Marshall Islands, Republic of the",MHL,1,198105.21635,60805368.72005034,2955870.1709925975,9340549.740336608,0.009340549740336608,0.060805368720050344,0.19810521635,9.0,168.0
238,MK,"Macedonia, The Former Yugoslav Republic of",MKD,0,1502355.3678437911,1884498969.3827288,44399672.878178544,140302966.29504418,0.14030296629504418,1.884498969382729,1.5023553678437913,41.8333,22.0
239,MK,"Macedonia, The Former Yugoslav Republic of",MKD,1,997.3149776523303,22782.227226360996,1228.061784349019,3880.675238542901,3.880675238542901e-06,2.2782227226360994e-05,0.0009973149776523302,41.8333,22.0
240,ML,"Mali, Republic of",MLI,0,676365.0828205985,1680074026.8778465,38211455.83144082,120748200.42735301,0.120748200427353,1.6800740268778465,0.6763650828205985,17.0,-4.0
241,ML,"Mali, Republic of",MLI,1,93197.443,46548411.000104226,1702055.7085771502,5378496.039103796,0.005378496039103796,0.04654841100010422,0.09319744299999999,17.0,-4.0
242,MM,"Myanmar, Union of",MMR,0,3924911.7762290593,6078981587.469238,151660169.08550924,479246134.3102093,0.47924613431020924,6.0789815874692374,3.9249117762290595,22.0,98.0
243,MM,"Myanmar, Union of",MMR,1,916925.6267,456033278.4874175,16736122.891426565,52886148.336907946,0.05288614833690795,0.4560332784874175,0.9169256267,22.0,98.0
244,MN,Mongolia,MNG,0,730611.9713008844,1782945969.3139186,41879184.56742265,132338223.23305559,0.13233822323305558,1.7829459693139187,0.7306119713008844,46.0,105.0
245,MN,Mongolia,MNG,1,78231.731,56950913.99537952,1750483.9727098448,5531529.353763109,0.005531529353763109,0.05695091399537952,0.078231731,46.0,105.0
246,MO,"Macao, Special Administrative Region of China",MAC,0,5627923.9902283875,8104540796.482905,200736467.60979444,634327237.6469505,0.6343272376469504,8.104540796482905,5.627923990228387,22.1667,113.55
247,MP,"Northern Mariana Islands, Commonwealth of the",MNP,0,456229.92399999994,1313169817.7247963,31524946.307591088,99618830.33198784,0.09961883033198785,1.3131698177247961,0.45622992399999995,15.2,145.75
248,MP,"Northern Mariana Islands, Commonwealth of the",MNP,1,155701.0,5339573.699635347,818013.0401791966,2584921.2069662614,0.0025849212069662614,0.005339573699635347,0.155701,15.2,145.75
249,MQ,Martinique,MTQ,0,811909.7472349978,4178789825.496435,102631585.34165469,324315809.67962885,0.3243158096796288,4.178789825496435,0.8119097472349979,14.6667,-61.0
250,MR,"Mauritania, Islamic Republic of",MRT,0,338984.80226081645,751929135.008724,17812768.333939884,56288347.93525004,0.05628834793525003,0.7519291350087239,0.33898480226081645,20.0,-12.0
251,MR,"Mauritania, Islamic Republic of",MRT,1,27136.724975155277,11403582.151306214,459943.1279713392,1453420.284389432,0.001453420284389432,0.011403582151306213,0.027136724975155277,20.0,-12.0
252,MS,Montserrat,MSR,0,9788.24699999999,560642.865916696,104483.91519295922,330169.17200975114,0.0003301691720097511,0.0005606428659166961,0.00978824699999999,16.75,-62.2
253,MT,"Malta, Republic of",MLT,0,4395737.691378318,7222874653.21969,155976101.12321687,492884479.54936534,0.4928844795493654,7.222874653219691,4.395737691378318,35.8333,14.5833
254,MT,"Malta, Republic of",MLT,1,498.1875,0.0,0.0,0.0,0.0,0.0,0.0004981875,35.8333,14.5833
255,MU,"Mauritius, Republic of",MUS,0,2385569.973766525,11086638765.23765,273271761.3532871,863538765.8763872,0.8635387658763872,11.08663876523765,2.3855699737665246,-20.2833,57.55
256,MU,"Mauritius, Republic of",MUS,1,47873.37,28646753.669566285,956713.1313317647,3023213.495008377,0.003023213495008377,0.028646753669566285,0.047873370000000005,-20.2833,57.55
257,MV,"Maldives, Republic of",MDV,0,2992291.8350539715,9844526758.541069,230405687.2900401,728081971.8365268,0.7280819718365268,9.84452675854107,2.9922918350539716,3.25,73.0
258,MV,"Maldives, Republic of",MDV,1,207133.644,57265967.98905833,2981971.635652725,9423030.368662613,0.009423030368662613,0.05726596798905833,0.207133644,3.25,73.0
259,MW,"Malawi, Republic of",MWI,0,327038.1759999996,530142661.28139085,12990178.01476821,41048962.52666754,0.041048962526667544,0.5301426612813909,0.3270381759999997,-13.5,34.0
260,MW,"Malawi, Republic of",MWI,1,19469.438,4777724.617086179,269592.6323541613,851912.7182391498,0.0008519127182391498,0.004777724617086179,0.019469438,-13.5,34.0
261,MX,"Mexico, United Mexican States",MEX,0,29584290.604554083,91417412345.41763,2143148609.470301,6772349605.926151,6.772349605926151,91.41741234541765,29.58429060455408,23.0,-102.0
262,MX,"Mexico, United Mexican States",MEX,1,65661840.328265086,71396914554.80241,1916014547.833664,6054605971.154379,6.054605971154379,71.39691455480242,65.66184032826509,23.0,-102.0
263,MY,Malaysia,MYS,0,34551687.45742512,88095654429.97095,2104981885.3852568,6651742757.817411,6.651742757817412,88.09565442997095,34.55168745742512,2.5,112.5
264,MY,Malaysia,MYS,1,25790295.983734738,23195094302.97317,632872154.8511363,1999876009.3295908,1.9998760093295909,23.195094302973168,25.790295983734737,2.5,112.5
265,MZ,"Mozambique, Republic of",MOZ,0,591956.1984509787,1414692375.9867048,36935399.797437415,116715863.35990225,0.11671586335990225,1.4146923759867047,0.5919561984509788,-18.25,35.0
266,MZ,"Mozambique, Republic of",MOZ,1,772761.1779167838,642845393.4583421,18804541.069696084,59422349.78023963,0.05942234978023963,0.642845393458342,0.7727611779167838,-18.25,35.0
267,NA,"Namibia, Republic of",NAM,0,811246.1063238815,2464353487.12023,61405146.39056557,194040262.5941872,0.1940402625941872,2.4643534871202304,0.8112461063238816,-22.0,17.0
268,NA,"Namibia, Republic of",NAM,1,172660.2981016942,96949181.96042924,3343003.922420371,10563892.394848373,0.010563892394848373,0.09694918196042925,0.1726602981016942,-22.0,17.0
269,NC,New Caledonia,NCL,0,364496.6359999996,1238960961.027622,29758871.509141646,94038033.96888761,0.09403803396888762,1.238960961027622,0.3644966359999996,-21.5,165.5
270,NC,New Caledonia,NCL,1,376294.3581087578,70039941.17083511,4831752.2667045165,15268337.162786273,0.015268337162786274,0.0700399411708351,0.37629435810875783,-21.5,165.5
271,NE,"Niger, Republic of",NER,0,465921.6042019366,1051364321.6283628,25050718.636826307,79160270.89237112,0.07916027089237113,1.0513643216283628,0.4659216042019366,16.0,8.0
272,NF,Norfolk Island,NFK,0,41570.801999999996,65545458.73169093,1589645.3696302848,5023279.3680317,0.0050232793680317,0.06554545873169093,0.041570802000000004,-29.0333,167.95
273,NG,"Nigeria, Federal Republic of",NGA,0,3133683.380435968,13116690883.452288,318575830.7197531,1006699625.0744199,1.0066996250744198,13.11669088345229,3.133683380435968,10.0,8.0
274,NG,"Nigeria, Federal Republic of",NGA,1,5932734.152993967,2716129328.1842427,104103277.71841207,328966357.5901821,0.3289663575901821,2.716129328184243,5.932734152993967,10.0,8.0
275,NI,"Nicaragua, Republic of",NIC,0,636909.9514999992,714395268.3457067,18480014.378637828,58396845.43649554,0.058396845436495544,0.7143952683457067,0.6369099514999991,13.0,-85.0
276,NI,"Nicaragua, Republic of",NIC,1,416327.8872567841,131004260.49146184,6259343.194308752,19779524.494015656,0.019779524494015654,0.13100426049146185,0.41632788725678405,13.0,-85.0
277,NL,"Netherlands, Kingdom of the",NLD,0,45947094.12749411,127435642634.28734,3175128172.866941,10033405026.259535,10.033405026259533,127.43564263428735,45.94709412749411,52.5,5.75
278,NL,"Netherlands, Kingdom of the",NLD,1,83743.77568355949,8236967.523267282,651520.7554859392,2058805.5873355677,0.0020588055873355677,0.008236967523267281,0.0837437756835595,52.5,5.75
279,NO,"Norway, Kingdom of",NOR,0,15546537.058541663,25080761509.16021,585269828.8372079,1849452659.1255772,1.849452659125577,25.080761509160208,15.546537058541663,62.0,10.0
280,NO,"Norway, Kingdom of",NOR,1,23580805.623079233,10856317402.379538,358158078.95070046,1131779529.4842136,1.1317795294842137,10.856317402379537,23.580805623079232,62.0,10.0
281,NP,"Nepal, State of",NPL,0,2925946.1620058483,7243612387.774554,168953310.46181363,533892461.05933106,0.5338924610593311,7.243612387774554,2.925946162005848,28.0,84.0
282,NP,"Nepal, State of",NPL,1,3466135.004167008,744802761.8605101,46226572.17637367,146075968.07734078,0.1460759680773408,0.7448027618605101,3.4661350041670085,28.0,84.0
283,NR,"Nauru, Republic of",NRU,0,49378.867999999886,118523206.41320075,2751767.161228157,8695584.229480978,0.008695584229480979,0.11852320641320074,0.04937886799999989,-0.5333,166.9167
284,NU,Niue,NIU,0,17431.6589999999,43306166.23415418,988569.1252391308,3123878.4357556533,0.0031238784357556534,0.04330616623415418,0.0174316589999999,-19.0333,-169.8667
285,NZ,New Zealand,NZL,0,9044601.228912609,48503051348.476814,1220475694.7477732,3856703195.4029636,3.8567031954029636,48.503051348476816,9.044601228912608,-41.0,174.0
286,NZ,New Zealand,NZL,1,16461417.469969869,9561105354.076649,309563249.4486426,978219868.2577107,0.9782198682577107,9.561105354076648,16.46141746996987,-41.0,174.0
287,OM,"Oman, Sultanate of",OMN,0,10647986.998882543,23198347940.107487,548621099.4656146,1733642674.311342,1.733642674311342,23.19834794010749,10.647986998882542,21.0,57.0
288,OM,"Oman, Sultanate of",OMN,1,460431.0496366048,378870914.0429065,11054155.25300055,34931130.59948173,0.03493113059948173,0.3788709140429065,0.46043104963660475,21.0,57.0
289,PA,"Panama, Republic of",PAN,0,10528831.3655168,27579238115.907,658084748.385046,2079547804.8967457,2.0795478048967455,27.579238115907003,10.528831365516801,9.0,-80.0
290,PA,"Panama, Republic of",PAN,1,436410.47145885724,116978520.11704253,6215878.771632295,19642176.918358054,0.019642176918358054,0.11697852011704253,0.43641047145885725,9.0,-80.0
291,PE,"Peru, Republic of",PER,0,7198415.207499986,27621853760.11408,658118076.2604679,2079653120.9830787,2.0796531209830786,27.621853760114078,7.198415207499986,-10.0,-76.0
292,PE,"Peru, Republic of",PER,1,16197127.024834923,11134014321.182007,349938615.63869905,1105806025.418289,1.105806025418289,11.134014321182008,16.197127024834927,-10.0,-76.0
293,PF,French Polynesia,PYF,0,567271.1919428838,4563350404.088327,117156125.79985115,370213357.52752966,0.37021335752752965,4.563350404088327,0.5672711919428838,-15.0,-140.0
294,PF,French Polynesia,PYF,1,1087516.3421086834,358792282.35995495,16741335.317761367,52902619.60412592,0.05290261960412592,0.358792282359955,1.0875163421086835,-15.0,-140.0
295,PG,"Papua New Guinea, Independent State of",PNG,0,464760.82399999944,1291809913.9547698,30289404.6934717,95714518.83137058,0.09571451883137057,1.2918099139547699,0.46476082399999946,-6.0,147.0
296,PG,"Papua New Guinea, Independent State of",PNG,1,1196884.4752,605495140.9965571,22040603.388887797,69648306.70888545,0.06964830670888544,0.6054951409965571,1.1968844752,-6.0,147.0
297,PH,"Philippines, Republic of the",PHL,0,20564306.850401845,69860583123.30252,1666070644.8943849,5264783237.866257,5.264783237866257,69.86058312330252,20.564306850401845,13.0,122.0
298,PH,"Philippines, Republic of the",PHL,1,35307224.32392581,19657454813.97837,679662515.657041,2147733549.4762497,2.1477335494762495,19.657454813978372,35.30722432392581,13.0,122.0
299,PK,"Pakistan, Islamic Republic of",PAK,0,9576138.113320732,25046524262.610626,588733948.5790528,1860399277.5098069,1.8603992775098068,25.046524262610625,9.57613811332073,30.0,70.0
300,PK,"Pakistan, Islamic Republic of",PAK,1,1946252.9168648648,1765314526.7813606,49823630.400894105,157442672.0668254,0.15744267206682538,1.7653145267813606,1.9462529168648648,30.0,70.0
301,PL,"Poland, Republic of",POL,0,25303803.07958312,40292206007.8213,942865214.6692922,2979454078.3549633,2.9794540783549635,40.29220600782129,25.303803079583123,52.0,20.0
302,PL,"Poland, Republic of",POL,1,2742624.8946307357,827690928.0191766,33721691.86541512,106560546.29471177,0.10656054629471177,0.8276909280191765,2.742624894630736,52.0,20.0
303,PM,Saint Pierre and Miquelon,SPM,0,22956.23399999997,20309550.147046395,599271.2632281043,1893697.1918008097,0.0018936971918008096,0.0203095501470464,0.02295623399999997,46.8333,-56.3333
304,PR,"Puerto Rico, Commonwealth of",PRI,0,5930819.740973809,12522075898.490623,278495593.2771577,880046074.7558185,0.8800460747558184,12.522075898490623,5.930819740973809,18.25,-66.5
305,PR,"Puerto Rico, Commonwealth of",PRI,1,258812.0,16072694.229724852,1194388.4360919965,3774267.458050709,0.0037742674580507093,0.016072694229724852,0.258812,18.25,-66.5
306,PT,"Portugal, Portuguese Republic",PRT,0,29017950.127172608,65667018779.43606,1494678883.47025,4723185271.76599,4.72318527176599,65.66701877943606,29.017950127172607,39.5,-8.0
307,PT,"Portugal, Portuguese Republic",PRT,1,7087631.614785753,5692748180.572096,145439047.8420699,459587391.18094087,0.45958739118094083,5.692748180572095,7.087631614785754,39.5,-8.0
308,PW,"Palau, Republic of",PLW,0,139862.9679999998,325470791.7050928,7618333.717405977,24073934.54700289,0.02407393454700289,0.3254707917050928,0.1398629679999998,7.5,134.5
309,PY,"Paraguay, Republic of",PRY,0,846637.8314692138,1988523886.0005877,48818712.07536783,154267130.15816236,0.15426713015816237,1.9885238860005878,0.8466378314692138,-23.0,-58.0
310,PY,"Paraguay, Republic of",PRY,1,18431.412,4981632.872843849,263048.47629017703,831233.1850769594,0.0008312331850769594,0.004981632872843848,0.018431412,-23.0,-58.0
311,QA,"Qatar, State of",QAT,0,27661246.727747742,126597438683.68903,3105016314.8359137,9811851554.881489,9.811851554881489,126.59743868368902,27.66124672774774,25.5,51.25
312,QA,"Qatar, State of",QAT,1,2753.788929466177,0.0,0.0,0.0,0.0,0.0,0.002753788929466177,25.5,51.25
313,RE,Reunion,REU,0,1374105.4063948551,6402860255.543127,169962117.9318786,537080292.6647363,0.5370802926647363,6.402860255543127,1.3741054063948552,-21.1,55.6
314,RO,Romania,ROU,0,11651017.956343276,17938123868.645664,418265459.58825296,1321718852.2988794,1.3217188522988794,17.938123868645665,11.651017956343276,46.0,25.0
315,RO,Romania,ROU,1,1923207.7773900626,673210336.0914072,25592669.367686972,80872835.20189084,0.08087283520189084,0.6732103360914072,1.9232077773900624,46.0,25.0
316,RS,"Serbia, Republic of",SRB,0,4443854.5556561,5461272955.373242,131658563.88104549,416041061.86410373,0.4160410618641038,5.461272955373242,4.4438545556561,44.0,21.0
317,RS,"Serbia, Republic of",SRB,1,4770.435369914088,465193.5001927109,22953.348126793684,72532.58008066805,7.253258008066805e-05,0.0004651935001927109,0.004770435369914089,44.0,21.0
318,RU,Russian Federation,RUS,0,45917229.52965211,126341322228.18958,2942493773.43726,9298280324.061743,9.298280324061743,126.34132222818957,45.91722952965211,60.0,100.0
319,RU,Russian Federation,RUS,1,81135927.31878975,148348974595.161,3612065317.525435,11414126403.380375,11.414126403380374,148.348974595161,81.13592731878975,60.0,100.0
320,RW,"Rwanda, Republic of",RWA,0,1152717.8302374973,3178832694.383502,76346226.01768713,241254074.21589133,0.24125407421589135,3.1788326943835017,1.1527178302374972,-2.0,30.0
321,RW,"Rwanda, Republic of",RWA,1,20106.668,2965158.9993312303,245038.688118137,774322.254453313,0.0007743222544533129,0.0029651589993312305,0.020106668,-2.0,30.0
322,SA,"Saudi Arabia, Kingdom of",SAU,0,31925584.141127728,85415358385.2547,2063633258.688308,6521081097.455054,6.5210810974550535,85.41535838525469,31.925584141127725,25.0,45.0
323,SA,"Saudi Arabia, Kingdom of",SAU,1,30279365.11076554,25768436156.447224,743969118.8184007,2350942415.466147,2.3509424154661467,25.768436156447223,30.27936511076554,25.0,45.0
324,SB,Solomon Islands,SLB,0,119094.6714999998,223952922.17646512,5282243.465500042,16691889.350980133,0.016691889350980132,0.22395292217646515,0.11909467149999979,-8.0,159.0
325,SB,Solomon Islands,SLB,1,173476.1897,34255828.92978236,2262681.096195471,7150072.263977688,0.007150072263977688,0.034255828929782364,0.1734761897,-8.0,159.0
326,SC,"Seychelles, Republic of",SYC,0,823290.8551110337,3077322766.2943306,71038332.26974452,224481129.97239265,0.22448112997239267,3.0773227662943303,0.8232908551110337,-4.5833,55.6667
327,SC,"Seychelles, Republic of",SYC,1,95363.1207,6261504.210219666,1031378.2169176437,3259155.165459754,0.0032591551654597537,0.006261504210219666,0.0953631207,-4.5833,55.6667
328,SD,"Sudan, Republic of",SDN,0,1939892.7659999968,3271378296.3986073,79229068.37373835,250363856.06101322,0.25036385606101325,3.2713782963986073,1.9398927659999967,15.0,30.0
329,SD,"Sudan, Republic of",SDN,1,171677.1662,120206041.10922998,3752964.081498564,11859366.497535463,0.011859366497535466,0.12020604110922997,0.1716771662,15.0,30.0
330,SE,"Sweden, Kingdom of",SWE,0,19093265.320612527,34348285397.216763,794001933.6630303,2509046110.375176,2.5090461103751758,34.34828539721676,19.093265320612527,62.0,15.0
331,SE,"Sweden, Kingdom of",SWE,1,11326565.288905688,5375714878.5656395,178636201.83808765,564490397.808357,0.564490397808357,5.375714878565639,11.326565288905687,62.0,15.0
332,SG,"Singapore, Republic of",SGP,0,42911382.56819956,155411138525.0819,3889124567.343728,12289633632.806181,12.289633632806181,155.4111385250819,42.91138256819956,1.3667,103.8
333,SG,"Singapore, Republic of",SGP,1,764.8806366047745,0.0,0.0,0.0,0.0,0.0,0.0007648806366047745,1.3667,103.8
334,SH,Saint Helena,SHN,0,7643.412,25481998.631742205,577863.1627915963,1826047.5944214445,0.0018260475944214445,0.025481998631742202,0.0076434120000000005,-15.9333,-5.7
335,SI,"Slovenia, Republic of",SVN,0,1085353.1118063845,1052967281.364963,29569546.898797285,93439768.20019943,0.09343976820019942,1.052967281364963,1.0853531118063846,46.0,15.0
336,SI,"Slovenia, Republic of",SVN,1,148.24519940915803,0.0,0.0,0.0,0.0,0.0,0.00014824519940915802,46.0,15.0
337,SK,Slovakia (Slovak Republic),SVK,0,1694706.0942190026,2340599207.347999,53984810.536026835,170592001.29384482,0.1705920012938448,2.3405992073479993,1.6947060942190026,48.6667,19.5
338,SK,Slovakia (Slovak Republic),SVK,1,6290.1515421034355,1575625.7859182865,71304.47213134059,225322.13193503628,0.00022532213193503627,0.0015756257859182866,0.006290151542103435,48.6667,19.5
339,SL,"Sierra Leone, Republic of",SLE,0,223812.98855035732,606213121.5575521,14660109.017348047,46325944.494819835,0.04632594449481983,0.6062131215575521,0.2238129885503573,8.5,-11.5
340,SN,"Senegal, Republic of",SEN,0,1654301.2879028574,4984034288.032173,118348874.61083567,373982443.7702407,0.37398244377024076,4.984034288032173,1.6543012879028574,14.0,-14.0
341,SN,"Senegal, Republic of",SEN,1,69280.714,17448832.98042265,966961.2927542203,3055597.6851033363,0.003055597685103336,0.01744883298042265,0.069280714,14.0,-14.0
342,SO,"Somalia, Somali Republic",SOM,0,445763.8744999994,683038732.6056048,17113856.051202945,54079785.12180132,0.05407978512180132,0.6830387326056048,0.44576387449999944,10.0,49.0
343,SO,"Somalia, Somali Republic",SOM,1,122153.2242,77674007.53036183,2533807.7297468306,8006832.425999985,0.008006832425999985,0.07767400753036184,0.1221532242,10.0,49.0
344,SR,"Suriname, Republic of",SUR,0,328058.67428098264,1482962320.5900042,41209445.369614944,130221847.36798324,0.13022184736798323,1.4829623205900042,0.3280586742809826,4.0,-56.0
345,SS,South Sudan,SSD,0,270366.2009999998,337755032.76224405,8832576.908532802,27910943.030963656,0.027910943030963656,0.33775503276224406,0.2703662009999998,8.0,30.0
346,SS,South Sudan,SSD,1,4294.9119,2208637.8710844656,79454.39194912015,251075.8785592197,0.0002510758785592197,0.002208637871084466,0.0042949119,8.0,30.0
347,ST,"Sao Tome and Principe, Democratic Republic of",STP,0,88291.29997639163,216366625.55838108,5183771.719150751,16380718.632516375,0.016380718632516375,0.21636662555838104,0.08829129997639164,1.0,7.0
348,ST,"Sao Tome and Principe, Democratic Republic of",STP,1,4350.6743,704816.8285900371,54087.936726536944,170917.88005585675,0.00017091788005585675,0.0007048168285900371,0.004350674299999999,1.0,7.0
349,SV,"El Salvador, Republic of",SLV,0,3080544.0999696637,6240498030.1231,147788000.2786353,467010080.88048756,0.46701008088048757,6.240498030123101,3.080544099969664,13.8333,-88.9167
350,SX,Sint Maarten (Netherlands),SXM,0,1045910.1045149572,2088780253.8948855,54573058.06765899,172450863.4938024,0.1724508634938024,2.0887802538948854,1.0459101045149573,,
351,SY,Syrian Arab Republic,SYR,0,408993.0860343133,498542286.89190304,12701790.349305497,40137657.50380538,0.04013765750380537,0.49854228689190305,0.4089930860343133,35.0,38.0
352,SY,Syrian Arab Republic,SYR,1,59531.248999999996,26325170.83954547,1027612.0542840881,3247254.0915377187,0.0032472540915377186,0.02632517083954547,0.059531249,35.0,38.0
353,SZ,"Swaziland, Kingdom of",SWZ,0,42946.529500000004,15014921.326272465,671550.2910595734,2122098.9197482523,0.0021220989197482517,0.015014921326272466,0.042946529500000004,-26.5,31.5
354,TC,Turks and Caicos Islands,TCA,0,719588.0173695933,1207309469.0113895,29304402.372298043,92601911.49646182,0.09260191149646181,1.2073094690113895,0.7195880173695932,21.75,-71.5833
355,TC,Turks and Caicos Islands,TCA,1,44791.197,4496435.3972838055,510430.13260388403,1612959.2190282736,0.0016129592190282736,0.0044964353972838066,0.044791197000000005,21.75,-71.5833
356,TD,"Chad, Republic of",TCD,0,230702.95837421485,555731913.7628478,13105798.2230933,41414322.38497483,0.041414322384974826,0.5557319137628478,0.23070295837421487,15.0,19.0
357,TG,"Togo, Togolese Republic",TGO,0,663122.0968814819,1643513851.2714252,39126293.94803316,123639088.8757848,0.1236390888757848,1.6435138512714254,0.6631220968814819,8.0,1.1667
358,TH,"Thailand, Kingdom of",THA,0,55244589.07794111,165952527172.12613,3970013076.206179,12545241320.811525,12.545241320811526,165.9525271721261,55.244589077941114,15.0,100.0
359,TH,"Thailand, Kingdom of",THA,1,44517875.17323175,26636274831.177727,889006217.7695827,2809259648.1518817,2.8092596481518814,26.636274831177726,44.51787517323175,15.0,100.0
360,TJ,"Tajikistan, Republic of",TJK,0,1336671.3056812116,3489065394.854725,79138036.8454272,250076196.43154994,0.25007619643154994,3.489065394854725,1.3366713056812116,39.0,71.0
361,TJ,"Tajikistan, Republic of",TJK,1,13272.294,2657003.2544160387,173579.66529287482,548511.7423254845,0.0005485117423254845,0.002657003254416039,0.013272294,39.0,71.0
362,TL,"Timor-Leste, Democratic Republic of",TLS,0,187575.56999999998,203259913.42607605,5412202.246600986,17102559.099259116,0.017102559099259115,0.20325991342607605,0.18757557,-8.55,125.5167
363,TM,Turkmenistan,TKM,0,780314.9591188171,2016023767.9659817,47355210.27227234,149642464.4603806,0.1496424644603806,2.0160237679659816,0.7803149591188171,40.0,60.0
364,TM,Turkmenistan,TKM,1,487866.628,232772394.01644093,8711704.404898169,27528985.919478215,0.02752898591947821,0.23277239401644093,0.487866628,40.0,60.0
365,TN,"Tunisia, Tunisian Republic",TUN,0,6947627.3080740115,12334649639.328154,287826596.72457445,909532045.6496552,0.9095320456496552,12.334649639328152,6.947627308074012,34.0,9.0
366,TN,"Tunisia, Tunisian Republic",TUN,1,221946.71510655739,60568008.34783739,3179041.6547335265,10045771.628957942,0.010045771628957943,0.06056800834783739,0.2219467151065574,34.0,9.0
367,TO,"Tonga, Kingdom of",TON,0,151223.907,286797449.5660049,6824950.212945007,21566842.672906224,0.021566842672906227,0.28679744956600495,0.151223907,-20.0,-175.0
368,TR,"Turkey, Republic of",TUR,0,66144668.805237204,169819071923.1318,3928868402.2453256,12415224151.09523,12.41522415109523,169.8190719231318,66.1446688052372,39.0,35.0
369,TR,"Turkey, Republic of",TUR,1,58867036.668970056,36149736461.812836,1032368361.5104679,3262284022.373079,3.2622840223730787,36.149736461812836,58.86703666897006,39.0,35.0
370,TT,"Trinidad and Tobago, Republic of",TTO,0,1451913.2115340347,3406416083.9656587,80951995.50029492,255808305.78093198,0.25580830578093194,3.406416083965659,1.4519132115340347,11.0,-61.0
371,TT,"Trinidad and Tobago, Republic of",TTO,1,26676.158,2201043.4470322384,295997.8133313777,935353.0901271536,0.0009353530901271536,0.0022010434470322382,0.026676158,11.0,-61.0
372,TV,Tuvalu,TUV,0,12531.0359999999,13665613.470990751,362686.16005307133,1146088.2657677054,0.0011460882657677053,0.01366561347099075,0.0125310359999999,-8.0,178.0
373,TW,Taiwan,TWN,0,34859529.842534654,85583741631.25258,2119431373.7308831,6697403140.989591,6.697403140989591,85.58374163125258,34.859529842534656,23.5,121.0
374,TW,Taiwan,TWN,1,3087977.0533028636,542589910.0909193,35467068.63038155,112075936.8720057,0.1120759368720057,0.5425899100909192,3.087977053302864,23.5,121.0
375,TZ,"Tanzania, United Republic of",TZA,0,1997506.9269435743,5480312795.283528,129705008.26709944,409867826.1240342,0.4098678261240342,5.480312795283528,1.9975069269435743,-6.0,35.0
376,TZ,"Tanzania, United Republic of",TZA,1,1647227.2627219146,789949893.5681174,29589768.5177828,93503668.51619364,0.09350366851619366,0.7899498935681174,1.6472272627219147,-6.0,35.0
377,UA,Ukraine,UKR,0,14992852.44486068,25156131587.96398,582651810.5755256,1841179721.418661,1.8411797214186612,25.15613158796398,14.992852444860679,49.0,32.0
378,UA,Ukraine,UKR,1,1431660.2019883688,618602208.5994098,23257217.647793707,73492807.76702811,0.07349280776702811,0.6186022085994098,1.4316602019883689,49.0,32.0
379,UG,"Uganda, Republic of",UGA,0,1255515.4165952816,2511390327.929703,62270773.98252444,196775645.78477722,0.19677564578477724,2.5113903279297034,1.2555154165952815,1.0,32.0
380,UG,"Uganda, Republic of",UGA,1,67569.675,22899117.280162983,1043978.0413432036,3298970.610644524,0.0032989706106445237,0.02289911728016298,0.067569675,1.0,32.0
381,US,United States of America,USA,0,158529252.65888235,859731240157.4548,22270691791.94066,70375386062.53249,70.37538606253248,859.7312401574549,158.52925265888237,38.0,-97.0
382,US,United States of America,USA,1,1001420115.4204984,1434650958586.675,36664653426.23209,115860304826.89343,115.86030482689343,1434.6509585866752,1001.4201154204984,38.0,-97.0
383,UY,"Uruguay, Eastern Republic of",URY,0,1355760.0078691763,3845184714.4775753,99738348.22758989,315173180.39918405,0.31517318039918407,3.8451847144775755,1.3557600078691765,-33.0,-56.0
384,UZ,"Uzbekistan, Republic of",UZB,0,3178706.036174169,9425905974.313234,213128183.0016999,673485058.2853718,0.6734850582853718,9.425905974313233,3.1787060361741686,41.0,64.0
385,UZ,"Uzbekistan, Republic of",UZB,1,1132254.2794981475,552159753.1022367,20466409.17389143,64673852.98949692,0.06467385298949692,0.5521597531022369,1.1322542794981476,41.0,64.0
386,VC,Saint Vincent and the Grenadines,VCT,0,142200.41060176966,119179304.27708067,3751593.7228146717,11855036.164094364,0.011855036164094364,0.11917930427708068,0.14220041060176963,13.25,-61.2
387,VC,Saint Vincent and the Grenadines,VCT,1,22436.1234,852065.1085027871,232283.71767627881,734016.5478570411,0.0007340165478570411,0.0008520651085027871,0.0224361234,13.25,-61.2
388,VE,"Venezuela, Bolivarian Republic of",VEN,0,1450268.8690452129,3734461930.6896567,97134132.41625597,306943858.43536884,0.3069438584353688,3.734461930689657,1.4502688690452128,8.0,-66.0
389,VE,"Venezuela, Bolivarian Republic of",VEN,1,1569645.9388000001,725179944.9587973,27644970.729828503,87358107.50625807,0.08735810750625808,0.7251799449587973,1.5696459388000001,8.0,-66.0
390,VG,British Virgin Islands,VGB,0,214811.24299999987,53108063.601513326,2676326.707003116,8457192.394129846,0.008457192394129847,0.05310806360151333,0.21481124299999987,18.5,-64.5
391,VG,British Virgin Islands,VGB,1,2347.0015,28316.497497008953,23287.42559197241,73588.2648706328,7.35882648706328e-05,2.8316497497008953e-05,0.0023470014999999998,18.5,-64.5
392,VI,United States Virgin Islands,VIR,0,926412.293,1479644790.8106563,36586912.13622285,115614642.35046421,0.1156146423504642,1.4796447908106565,0.9264122929999999,18.3333,-64.8333
393,VI,United States Virgin Islands,VIR,1,194418.0,13991637.86691805,1186580.721462126,3749595.079820318,0.0037495950798203184,0.013991637866918049,0.194418,18.3333,-64.8333
394,VN,"Vietnam, Socialist Republic of",VNM,0,24142483.68021768,60409345750.52749,1426022918.3444653,4506232421.968511,4.506232421968511,60.40934575052749,24.14248368021768,16.0,106.0
395,VN,"Vietnam, Socialist Republic of",VNM,1,43452708.75954331,31981860798.31946,979862689.3050692,3096366098.2040186,3.0963660982040184,31.98186079831946,43.452708759543306,16.0,106.0
396,VU,"Vanuatu, Republic of",VUT,0,249757.12099999952,459131533.86184144,10981861.920807477,34702683.66975163,0.034702683669751634,0.45913153386184147,0.24975712099999953,-16.0,167.0
397,VU,"Vanuatu, Republic of",VUT,1,278970.6614,36446270.86414295,3321876.681497058,10497130.313530704,0.010497130313530703,0.03644627086414295,0.2789706614,-16.0,167.0
398,WF,Wallis and Futuna,WLF,0,20919.723999999893,38073504.26150351,905496.8007898841,2861369.890496034,0.002861369890496034,0.03807350426150351,0.020919723999999897,-13.3,-176.2
399,WF,Wallis and Futuna,WLF,1,13552.665959736534,3174184.3297702377,185080.83901342255,584855.4512824153,0.0005848554512824153,0.0031741843297702376,0.013552665959736533,-13.3,-176.2
400,WS,"Samoa, Independent State of",WSM,0,324084.8919999994,809509736.1549604,18790939.801098235,59379369.771470435,0.05937936977147043,0.8095097361549604,0.32408489199999946,-13.5833,-172.3333
401,WS,"Samoa, Independent State of",WSM,1,3973.0474,114113.24495502409,40520.59286427448,128045.07345110735,0.00012804507345110736,0.00011411324495502409,0.0039730474,-13.5833,-172.3333
402,XK,Kosovo,XKX,0,1285509.056114671,1424819951.982243,34252504.08535438,108237912.90971984,0.10823791290971985,1.4248199519822429,1.285509056114671,,
403,YE,Yemen,YEM,0,6213.522000000001,3670267.7343068137,126821.23185245116,400755.09265374567,0.0004007550926537456,0.0036702677343068138,0.006213522000000001,15.0,48.0
404,YE,Yemen,YEM,1,35210.600999999995,18636362.33955568,660695.3271969198,2087797.2339422668,0.0020877972339422668,0.018636362339555682,0.035210600999999994,15.0,48.0
405,YT,Mayotte,MYT,0,162938.3674460264,366407248.12084866,8774999.130418682,27728997.25212304,0.02772899725212304,0.3664072481208487,0.16293836744602638,-12.8333,45.1667
406,ZA,"South Africa, Republic of",ZAF,0,9450325.33681148,52932840700.041275,1372514081.3064797,4337144496.928476,4.3371444969284765,52.932840700041275,9.45032533681148,-29.0,24.0
407,ZA,"South Africa, Republic of",ZAF,1,18255927.847736515,16843301126.42088,473743180.22158307,1497028449.5002024,1.4970284495002026,16.84330112642088,18.25592784773652,-29.0,24.0
408,ZM,"Zambia, Republic of",ZMB,0,840768.8204999977,1435299646.2705271,35826421.06612498,113211490.56895494,0.11321149056895495,1.435299646270527,0.8407688204999978,-15.0,30.0
409,ZM,"Zambia, Republic of",ZMB,1,153066.173,56899545.14585615,2452604.827296414,7750231.254256668,0.007750231254256668,0.05689954514585615,0.153066173,-15.0,30.0
410,ZW,"Zimbabwe, Republic of",ZWE,0,1066713.1054999975,1524480148.3314195,39189191.47208629,123837845.05179268,0.12383784505179268,1.5244801483314194,1.0667131054999974,-20.0,30.0
411,ZW,"Zimbabwe, Republic of",ZWE,1,91432.74900000001,37370810.71540879,1523744.0055203359,4815031.057444261,0.004815031057444262,0.03737081071540879,0.09143274900000001,-20.0,30.0
